,시도명,제한속도,CCTV설치여부,CCTV설치대수,보호구역도로폭
0,서울특별시,30,Y,1.0,3.0
1,경상북도,30,N,0.0,6.0
2,경상북도,30,N,0.0,6.0
3,경상북도,30,N,0.0,7.0
4,경상북도,30,N,0.0,7.0
5,경상북도,30,N,0.0,6.0
6,경상북도,30,N,0.0,8.0
7,경상북도,30,N,0.0,7.0
8,경상북도,30,N,0.0,9.0
9,경상북도,30,N,0.0,6.0
10,경상북도,30,N,0.0,6.0
11,경상북도,30,N,0.0,7.0
12,경상북도,30,N,0.0,6.0
13,경상북도,30,N,0.0,6.0
14,경상북도,30,N,0.0,7.0
15,경상북도,30,N,0.0,6.0
16,경상북도,30,N,0.0,6.0
17,경상북도,30,N,0.0,7.0
18,경상북도,30,N,0.0,6.0
19,경상북도,30,N,0.0,6.0
20,경상북도,30,N,0.0,7.0
21,경상북도,30,N,0.0,8.924292452830189
22,경상북도,30,N,0.0,8.924292452830189
23,경상북도,30,N,0.0,8.924292452830189
24,경상북도,30,N,0.0,8.924292452830189
25,충청남도,30,N,0.0,8.924292452830189
26,충청남도,30,N,0.0,8.924292452830189
27,충청남도,30,N,0.0,8.924292452830189
28,충청남도,30,N,0.0,8.924292452830189
29,경상북도,30,N,0.0,9.0
30,경상북도,30,N,0.0,6.0
31,경상북도,30,N,0.0,7.0
32,경상북도,30,N,0.0,6.0
33,경상북도,30,N,0.0,6.0
34,경상북도,30,N,0.0,8.0
35,경상북도,30,N,0.0,8.0
36,경상북도,30,N,0.0,7.0
37,경상북도,30,N,0.0,8.0
38,경상북도,30,N,0.0,6.0
39,경상북도,30,N,0.0,7.0
40,경상북도,30,N,0.0,7.0
41,경상북도,30,N,0.0,8.0
42,경상북도,30,N,0.0,6.0
43,경상북도,30,N,0.0,6.0
44,경상북도,30,N,0.0,6.0
45,경상북도,30,N,0.0,7.0
46,경상북도,30,N,0.0,7.0
47,경상북도,30,N,0.0,6.0
48,경상북도,30,N,0.0,8.0
49,경상북도,30,N,0.0,7.0
50,경상북도,30,N,0.0,9.0
51,충청남도,30,N,0.0,8.924292452830189
52,충청남도,30,N,0.0,8.924292452830189
53,충청남도,30,N,0.0,8.924292452830189
54,충청남도,30,N,0.0,8.924292452830189
55,충청남도,30,N,0.0,8.924292452830189
56,충청남도,30,N,0.0,8.924292452830189
57,충청남도,30,N,0.0,8.924292452830189
58,충청남도,30,N,0.0,8.924292452830189
59,충청남도,30,N,0.0,8.924292452830189
60,충청남도,30,N,0.0,8.924292452830189
61,충청남도,30,N,0.0,8.924292452830189
62,충청남도,30,N,0.0,8.924292452830189
63,충청남도,30,N,0.0,8.924292452830189
64,충청남도,30,Y,1.0,8.924292452830189
65,충청남도,30,N,0.0,8.924292452830189
66,충청남도,30,N,0.0,8.924292452830189
67,충청남도,30,Y,1.0,8.924292452830189
68,충청남도,30,N,0.0,8.924292452830189
69,충청남도,30,N,0.0,8.924292452830189
70,충청남도,30,N,0.0,8.924292452830189
71,충청남도,30,N,0.0,8.924292452830189
72,충청남도,30,N,0.0,8.924292452830189
73,충청남도,30,N,0.0,8.924292452830189
74,충청남도,30,N,0.0,8.924292452830189
75,충청남도,30,N,0.0,8.924292452830189
76,충청남도,30,N,0.0,8.924292452830189
77,강원도,30,N,0.0,6.0
78,강원도,30,N,0.0,6.0
79,강원도,30,N,0.0,6.0
80,강원도,30,N,0.0,6.0
81,강원도,30,N,0.0,6.0
82,강원도,30,Y,1.0,6.0
83,강원도,30,N,0.0,6.0
84,강원도,30,N,0.0,6.0
85,강원도,30,N,0.0,6.0
86,경기도,30,N,0.0,7.5
87,경기도,30,N,0.0,7.0
88,경기도,30,N,0.0,6.5
89,경기도,30,N,0.0,15.0
90,경기도,30,Y,1.0,8.0
91,경기도,30,N,0.0,6.5
92,경기도,30,N,0.0,6.5
93,경기도,30,Y,2.0,7.5
94,경기도,30,N,0.0,7.0
95,경기도,50,N,0.0,9.0
96,경기도,60,N,0.0,8.924292452830189
97,경기도,30,N,0.0,8.924292452830189
98,전라북도,30,N,0.0,7.0
99,대전광역시,30,Y,2.0,6.0
100,대전광역시,30,Y,4.0,11.0
101,대전광역시,30,Y,2.0,8.0
102,경상남도,30,Y,1.0,6.0
103,충청남도,30,N,0.0,8.924292452830189
104,충청남도,30,N,0.0,8.924292452830189
105,충청남도,30,N,0.0,8.924292452830189
106,충청남도,30,Y,1.0,8.924292452830189
107,충청남도,30,N,0.0,8.924292452830189
108,충청남도,30,N,0.0,8.924292452830189
109,충청남도,30,N,0.0,8.924292452830189
110,충청남도,30,N,0.0,8.924292452830189
111,충청남도,30,N,0.0,8.924292452830189
112,충청남도,30,N,0.0,8.924292452830189
113,충청남도,30,N,0.0,8.924292452830189
114,충청남도,30,N,0.0,8.924292452830189
115,충청남도,30,N,0.0,8.924292452830189
116,충청남도,30,N,0.0,8.924292452830189
117,충청남도,30,N,0.0,8.924292452830189
118,충청남도,30,N,0.0,8.924292452830189
119,충청남도,30,N,0.0,8.924292452830189
120,충청남도,30,N,0.0,8.924292452830189
121,충청남도,30,N,0.0,8.924292452830189
122,충청남도,30,N,0.0,8.924292452830189
123,충청남도,30,Y,1.0,8.924292452830189
124,충청남도,30,N,0.0,8.924292452830189
125,충청남도,30,N,0.0,8.924292452830189
126,충청남도,30,N,0.0,8.924292452830189
127,충청남도,30,Y,1.0,8.924292452830189
128,충청남도,30,N,0.0,8.924292452830189
129,충청남도,30,N,0.0,8.924292452830189
130,충청남도,30,N,0.0,8.924292452830189
131,충청남도,30,N,0.0,8.924292452830189
132,충청남도,30,N,0.0,8.924292452830189
133,충청남도,30,N,0.0,8.924292452830189
134,충청남도,30,N,0.0,8.924292452830189
135,충청남도,30,N,0.0,8.924292452830189
136,충청남도,30,N,0.0,8.924292452830189
137,충청남도,30,N,0.0,8.924292452830189
138,충청남도,30,N,0.0,8.924292452830189
139,충청남도,30,N,0.0,8.924292452830189
140,충청남도,30,N,0.0,8.924292452830189
141,충청남도,30,N,0.0,8.924292452830189
142,충청남도,30,N,0.0,8.924292452830189
143,충청남도,30,N,0.0,8.924292452830189
144,충청남도,30,N,0.0,8.924292452830189
145,충청남도,30,N,0.0,8.924292452830189
146,충청남도,30,N,0.0,8.924292452830189
147,충청남도,30,N,0.0,8.924292452830189
148,충청남도,30,N,0.0,8.924292452830189
149,충청남도,30,N,0.0,8.924292452830189
150,충청남도,30,N,0.0,8.924292452830189
151,충청남도,30,Y,1.0,8.924292452830189
152,충청남도,30,N,0.0,8.924292452830189
153,충청남도,30,N,0.0,8.924292452830189
154,충청남도,30,N,0.0,8.924292452830189
155,충청남도,30,N,0.0,8.924292452830189
156,충청남도,30,N,0.0,8.924292452830189
157,충청남도,30,N,0.0,8.924292452830189
158,충청남도,30,N,0.0,8.924292452830189
159,충청남도,30,N,0.0,8.924292452830189
160,충청남도,30,N,0.0,8.924292452830189
161,충청남도,30,N,0.0,8.924292452830189
162,충청남도,30,N,0.0,8.924292452830189
163,충청남도,30,N,0.0,8.924292452830189
164,충청남도,30,N,0.0,8.924292452830189
165,충청남도,30,N,0.0,8.924292452830189
166,충청남도,30,N,0.0,8.924292452830189
167,충청남도,30,N,0.0,8.924292452830189
168,충청남도,30,N,0.0,8.924292452830189
169,충청남도,30,N,0.0,8.924292452830189
170,충청남도,30,N,0.0,8.924292452830189
171,충청남도,30,N,0.0,8.924292452830189
172,충청남도,30,N,0.0,8.924292452830189
173,인천광역시,30,N,0.0,8.924292452830189
174,인천광역시,50,Y,1.0,8.924292452830189
175,인천광역시,30,Y,1.0,8.924292452830189
176,인천광역시,50,Y,1.0,8.924292452830189
177,인천광역시,30,N,0.0,8.924292452830189
178,인천광역시,30,Y,1.0,8.924292452830189
179,인천광역시,30,Y,1.0,8.924292452830189
180,인천광역시,50,N,0.0,8.924292452830189
181,인천광역시,30,Y,1.0,8.924292452830189
182,인천광역시,50,Y,1.0,8.924292452830189
183,인천광역시,30,Y,1.0,8.924292452830189
184,인천광역시,50,Y,1.0,8.924292452830189
185,인천광역시,30,Y,1.0,8.924292452830189
186,인천광역시,50,N,0.0,8.924292452830189
187,인천광역시,30,Y,1.0,8.924292452830189
188,인천광역시,30,Y,1.0,8.924292452830189
189,인천광역시,30,Y,1.0,8.924292452830189
190,인천광역시,30,Y,1.0,8.924292452830189
191,인천광역시,30,Y,1.0,8.924292452830189
192,인천광역시,30,Y,1.0,8.924292452830189
193,인천광역시,30,Y,1.0,8.924292452830189
194,경기도,30,N,0.0,4.0
195,경기도,30,Y,1.0,20.0
196,경기도,30,N,0.0,6.0
197,경기도,30,N,0.0,7.0
198,경기도,30,N,0.0,12.0
199,경기도,30,Y,2.0,7.0
200,경기도,30,N,0.0,13.0
201,경기도,60,N,0.0,20.0
202,경기도,40,N,0.0,20.0
203,경기도,30,N,0.0,6.0
204,경기도,30,N,0.0,28.0
205,경기도,30,N,0.0,27.0
206,경기도,30,N,0.0,10.0
207,경기도,30,N,0.0,8.0
208,경기도,30,N,0.0,6.0
209,경기도,30,N,0.0,6.0
210,경기도,30,N,0.0,6.0
211,경기도,30,N,0.0,6.0
212,경기도,30,N,0.0,6.0
213,경기도,30,N,0.0,17.5
214,경상북도,30,N,0.0,8.924292452830189
215,경상북도,30,N,0.0,8.924292452830189
216,경상북도,30,N,0.0,8.924292452830189
217,경상북도,30,N,0.0,8.924292452830189
218,경상북도,30,N,0.0,8.924292452830189
219,경상북도,30,N,0.0,8.924292452830189
220,경상북도,30,N,0.0,8.924292452830189
221,경상북도,30,N,0.0,8.924292452830189
222,인천광역시,30,Y,1.0,8.924292452830189
223,인천광역시,30,Y,1.0,8.924292452830189
224,인천광역시,50,N,0.0,8.924292452830189
225,울산광역시,60,N,0.0,24.0
226,서울특별시,30,Y,2.0,11.0
227,서울특별시,30,N,0.0,25.0
228,서울특별시,30,Y,1.0,25.0
229,서울특별시,30,Y,1.0,5.0
230,서울특별시,30,Y,2.0,5.0
231,서울특별시,30,Y,1.0,5.0
232,부산광역시,30,N,0.0,4.0
233,부산광역시,30,N,0.0,6.0
234,부산광역시,30,N,0.0,12.0
235,부산광역시,30,N,0.0,7.0
236,부산광역시,30,N,0.0,7.0
237,부산광역시,30,Y,1.0,8.924292452830189
238,부산광역시,30,N,0.0,8.924292452830189
239,부산광역시,30,Y,1.0,8.924292452830189
240,부산광역시,30,Y,1.0,8.924292452830189
241,부산광역시,30,N,0.0,8.924292452830189
242,부산광역시,30,Y,1.0,8.924292452830189
243,부산광역시,30,N,0.0,8.924292452830189
244,부산광역시,30,Y,1.0,8.924292452830189
245,경기도,30,N,0.0,6.0
246,경기도,30,N,0.0,8.0
247,경기도,30,Y,1.0,14.0
248,경기도,40,Y,1.0,20.0
249,경기도,30,N,0.0,20.0
250,울산광역시,30,N,0.0,15.0
251,울산광역시,30,N,0.0,15.0
252,울산광역시,30,N,0.0,15.0
253,울산광역시,30,N,0.0,8.0
254,울산광역시,30,N,0.0,8.0
255,울산광역시,30,N,0.0,8.0
256,울산광역시,30,N,0.0,15.0
257,울산광역시,30,N,0.0,8.0
258,울산광역시,60,N,0.0,25.0
259,울산광역시,30,N,0.0,8.0
260,경상남도,30,Y,1.0,6.0
261,경상북도,38,N,0.0,6.0
262,경상북도,39,N,0.0,6.0
263,경상북도,40,N,0.0,6.0
264,경상북도,41,N,0.0,6.0
265,경상북도,42,N,0.0,6.0
266,경상북도,43,Y,2.0,6.0
267,경상북도,44,N,0.0,6.0
268,경상북도,45,N,0.0,6.0
269,경상북도,46,Y,2.0,6.0
270,경상북도,47,N,0.0,6.0
271,경상북도,48,N,0.0,6.0
272,경상북도,49,N,0.0,6.0
273,경상북도,50,Y,2.0,6.0
274,경상북도,51,N,0.0,6.0
275,경상북도,52,N,0.0,6.0
276,경상북도,53,N,0.0,6.0
277,경상북도,54,N,0.0,6.0
278,경상북도,55,N,0.0,6.0
279,경기도,30,N,0.0,20.0
280,경기도,30,N,0.0,6.0
281,경기도,30,N,0.0,6.0
282,경기도,30,N,0.0,4.0
283,경기도,30,N,0.0,4.0
284,경기도,30,N,0.0,6.0
285,경기도,30,N,0.0,6.0
286,경기도,30,N,0.0,6.0
287,경기도,30,N,0.0,6.0
288,경기도,30,N,0.0,6.0
289,경기도,30,N,0.0,10.0
290,경기도,30,N,0.0,6.0
291,경상남도,30,Y,2.0,6.0
292,경상남도,30,N,0.0,6.0
293,경상남도,30,Y,2.0,6.0
294,경상남도,30,Y,1.0,6.0
295,경상남도,30,N,0.0,6.0
296,경상남도,30,N,0.0,6.0
297,인천광역시,30,Y,2.0,9.0
298,인천광역시,30,Y,2.0,16.0
299,인천광역시,30,Y,3.0,6.0
300,인천광역시,30,Y,3.0,6.0
301,인천광역시,30,Y,3.0,8.0
302,인천광역시,30,Y,5.0,6.0
303,인천광역시,30,Y,2.0,6.0
304,인천광역시,30,Y,4.0,7.0
305,인천광역시,30,N,0.0,19.5
306,인천광역시,30,N,0.0,5.0
307,인천광역시,30,N,0.0,5.0
308,인천광역시,30,N,0.0,4.75
309,인천광역시,30,N,0.0,6.0
310,인천광역시,30,N,0.0,4.5
311,인천광역시,30,N,0.0,9.0
312,인천광역시,30,N,0.0,6.0
313,인천광역시,30,N,0.0,9.0
314,대전광역시,30,Y,1.0,8.924292452830189
315,대전광역시,30,Y,1.0,8.924292452830189
316,대전광역시,30,Y,1.0,8.924292452830189
317,대전광역시,30,Y,1.0,8.924292452830189
318,대전광역시,30,Y,1.0,8.924292452830189
319,대전광역시,30,Y,1.0,8.924292452830189
320,대전광역시,30,Y,1.0,8.924292452830189
321,대전광역시,30,Y,1.0,8.924292452830189
322,대전광역시,30,Y,1.0,8.924292452830189
323,대구광역시,40,Y,1.0,21.5
324,대구광역시,30,Y,2.0,7.0
325,대구광역시,50,N,0.0,33.0
326,대구광역시,50,N,0.0,30.0
327,대구광역시,30,Y,0.0,20.0
328,충청북도,30,N,0.0,8.924292452830189
329,충청북도,30,N,0.0,8.924292452830189
330,충청북도,30,N,0.0,8.924292452830189
331,충청북도,30,N,0.0,8.924292452830189
332,충청북도,30,N,0.0,8.924292452830189
333,충청북도,30,N,0.0,8.924292452830189
334,충청북도,30,N,0.0,8.924292452830189
335,충청북도,30,N,0.0,8.924292452830189
336,충청북도,30,N,0.0,8.924292452830189
337,충청북도,30,N,0.0,8.924292452830189
338,충청북도,30,N,0.0,8.924292452830189
339,충청북도,30,N,0.0,8.924292452830189
340,대전광역시,30,N,0.0,8.924292452830189
341,대전광역시,30,N,0.0,8.924292452830189
342,대전광역시,30,N,0.0,8.924292452830189
343,대전광역시,30,N,0.0,8.924292452830189
344,대전광역시,30,N,0.0,8.924292452830189
345,대전광역시,30,N,0.0,8.924292452830189
346,대전광역시,30,N,0.0,8.924292452830189
347,대전광역시,30,N,0.0,8.924292452830189
348,대전광역시,30,N,0.0,8.924292452830189
349,대전광역시,30,N,0.0,8.924292452830189
350,대전광역시,30,N,0.0,8.924292452830189
351,대전광역시,30,N,0.0,8.924292452830189
352,대전광역시,30,N,0.0,8.924292452830189
353,대전광역시,30,N,0.0,8.924292452830189
354,대전광역시,30,N,0.0,8.924292452830189
355,대전광역시,30,N,0.0,8.924292452830189
356,대전광역시,30,N,0.0,8.924292452830189
357,대전광역시,30,N,0.0,8.924292452830189
358,대전광역시,30,N,0.0,8.924292452830189
359,대전광역시,30,N,0.0,8.924292452830189
360,대전광역시,30,N,0.0,8.924292452830189
361,대전광역시,30,N,0.0,8.924292452830189
362,대전광역시,30,N,0.0,8.924292452830189
363,대전광역시,30,N,0.0,8.924292452830189
364,대전광역시,30,N,0.0,8.924292452830189
365,대전광역시,30,N,0.0,8.924292452830189
366,전라북도,40,Y,1.0,8.924292452830189
367,서울특별시,30,Y,1.0,8.924292452830189
368,서울특별시,30,Y,1.0,8.924292452830189
369,서울특별시,30,Y,1.0,8.924292452830189
370,서울특별시,30,Y,1.0,8.924292452830189
371,서울특별시,30,Y,1.0,8.924292452830189
372,경상북도,30,N,0.0,8.924292452830189
373,경상북도,30,N,0.0,8.924292452830189
374,경상북도,30,N,0.0,8.924292452830189
375,경상북도,30,N,0.0,8.924292452830189
376,경상북도,30,N,0.0,8.924292452830189
377,경상북도,30,N,0.0,8.924292452830189
378,경상북도,30,N,0.0,8.924292452830189
379,경상북도,30,N,0.0,8.924292452830189
380,경상북도,30,N,0.0,8.924292452830189
381,경상북도,30,N,0.0,8.924292452830189
382,경상북도,30,N,0.0,8.924292452830189
383,경상북도,30,N,0.0,8.924292452830189
384,경상북도,30,N,0.0,8.924292452830189
385,경상북도,30,N,0.0,8.924292452830189
386,경상북도,30,N,0.0,8.924292452830189
387,경상북도,30,N,0.0,8.924292452830189
388,경상북도,30,N,0.0,8.924292452830189
389,경상북도,30,N,0.0,8.924292452830189
390,경상북도,30,N,0.0,8.924292452830189
391,경상북도,30,N,0.0,8.924292452830189
392,경기도,30,N,0.0,16.0
393,경기도,30,N,0.0,8.0
394,경기도,30,N,0.0,8.0
395,경기도,30,N,0.0,8.924292452830189
396,경기도,30,N,0.0,8.924292452830189
397,경기도,30,N,0.0,8.924292452830189
398,경기도,30,N,0.0,8.924292452830189
399,경기도,30,N,0.0,8.924292452830189
400,경기도,30,N,0.0,8.924292452830189
401,경기도,30,N,0.0,8.924292452830189
402,경기도,30,N,0.0,8.924292452830189
403,경기도,30,N,0.0,8.924292452830189
404,경기도,30,N,0.0,8.924292452830189
405,경기도,30,N,0.0,8.924292452830189
406,경기도,30,N,0.0,8.924292452830189
407,경기도,30,N,0.0,8.924292452830189
408,경기도,30,N,0.0,8.924292452830189
409,경기도,30,N,0.0,12.5
410,경기도,30,N,0.0,11.0
411,경기도,30,N,0.0,11.0
412,경기도,30,N,0.0,12.5
413,경기도,30,N,0.0,12.5
414,경기도,30,N,0.0,12.5
415,경기도,30,N,0.0,12.5
416,경기도,30,N,0.0,8.5
417,경기도,30,N,0.0,9.5
418,경기도,30,N,0.0,17.0
419,경기도,30,N,0.0,7.0
420,경기도,30,N,0.0,9.5
421,경기도,30,N,0.0,8.924292452830189
422,경기도,30,N,0.0,8.924292452830189
423,경기도,30,N,0.0,8.924292452830189
424,경기도,30,N,0.0,8.924292452830189
425,경기도,30,N,0.0,8.924292452830189
426,경기도,30,N,0.0,8.924292452830189
427,경기도,30,N,0.0,8.924292452830189
428,경기도,30,N,0.0,8.924292452830189
429,경기도,30,N,0.0,8.924292452830189
430,경기도,30,N,0.0,8.924292452830189
431,경기도,30,N,0.0,8.924292452830189
432,경기도,30,Y,1.0,8.924292452830189
433,경기도,30,Y,1.0,8.924292452830189
434,경기도,30,N,0.0,8.924292452830189
435,경기도,30,N,0.0,8.924292452830189
436,경기도,30,N,0.0,8.924292452830189
437,경기도,30,N,0.0,8.924292452830189
438,경기도,30,N,0.0,8.924292452830189
439,경기도,30,N,0.0,8.924292452830189
440,경기도,30,N,0.0,8.924292452830189
441,경기도,30,N,0.0,8.924292452830189
442,경기도,30,N,0.0,8.924292452830189
443,경기도,30,N,0.0,8.924292452830189
444,경기도,30,N,0.0,8.924292452830189
445,경기도,30,N,0.0,8.924292452830189
446,경기도,30,N,0.0,8.924292452830189
447,울산광역시,30,N,0.0,8.924292452830189
448,울산광역시,30,N,0.0,8.924292452830189
449,울산광역시,30,N,0.0,8.924292452830189
450,울산광역시,30,N,0.0,8.924292452830189
451,울산광역시,30,N,0.0,8.924292452830189
452,울산광역시,30,N,0.0,8.924292452830189
453,울산광역시,30,N,0.0,8.924292452830189
454,울산광역시,30,N,0.0,8.924292452830189
455,울산광역시,30,N,0.0,8.924292452830189
456,울산광역시,30,N,0.0,8.924292452830189
457,울산광역시,30,N,0.0,8.924292452830189
458,울산광역시,30,N,0.0,8.924292452830189
459,울산광역시,30,N,0.0,8.924292452830189
460,경기도,30,N,0.0,8.924292452830189
461,경기도,30,N,0.0,8.924292452830189
462,경기도,30,N,0.0,8.924292452830189
463,경기도,30,N,0.0,8.924292452830189
464,경기도,30,N,0.0,8.924292452830189
465,경기도,30,N,0.0,8.924292452830189
466,경기도,30,N,0.0,8.924292452830189
467,경기도,30,N,0.0,8.924292452830189
468,경기도,30,N,0.0,8.924292452830189
469,경기도,30,N,0.0,8.924292452830189
470,경기도,30,N,0.0,8.924292452830189
471,경기도,30,N,0.0,8.924292452830189
472,경기도,30,N,0.0,8.924292452830189
473,경기도,30,N,0.0,8.924292452830189
474,대전광역시,50,N,0.0,35.0
475,대전광역시,30,N,0.0,10.0
476,대전광역시,30,N,0.0,8.0
477,서울특별시,30,N,0.0,12.1
478,서울특별시,60,Y,1.0,19.5
479,서울특별시,30,N,0.0,16.0
480,서울특별시,50,N,0.0,9.0
481,서울특별시,30,N,0.0,21.0
482,서울특별시,30,N,0.0,7.0
483,경상북도,30,N,0.0,5.0
484,경상북도,30,N,0.0,6.0
485,경상북도,30,N,0.0,6.0
486,경상북도,30,N,0.0,6.0
487,경상북도,30,N,0.0,6.0
488,경상북도,30,N,0.0,6.0
489,경상북도,30,N,0.0,6.0
490,경상북도,30,N,0.0,6.0
491,경상북도,30,N,0.0,6.0
492,경상북도,30,N,0.0,6.0
493,경상북도,31,N,0.0,6.0
494,경상북도,32,N,0.0,6.0
495,경상북도,33,N,0.0,6.0
496,경상북도,34,Y,4.0,6.0
497,경상북도,35,Y,2.0,6.0
498,경상북도,36,Y,3.0,6.0
499,경상북도,37,N,0.0,6.0
500,충청남도,30,Y,1.0,8.0
501,경기도,30,N,0.0,10.0
502,경기도,30,Y,1.0,12.5
503,경기도,30,N,0.0,10.0
504,경기도,30,N,0.0,10.0
505,경기도,30,N,0.0,6.0
506,경기도,30,N,0.0,8.0
507,경기도,30,N,0.0,8.0
508,경기도,30,Y,1.0,1.0
509,경기도,30,N,0.0,8.924292452830189
510,경기도,30,N,0.0,8.924292452830189
511,경기도,30,N,0.0,8.924292452830189
512,경기도,30,N,0.0,5.0
513,경기도,30,N,0.0,10.0
514,경기도,30,N,0.0,9.0
515,강원도,30,Y,1.0,6.0
516,강원도,30,Y,1.0,6.0
517,강원도,30,N,0.0,7.0
518,경기도,50,N,0.0,14.0
519,경기도,50,N,0.0,21.0
520,경기도,30,Y,1.0,7.0
521,경기도,30,N,0.0,12.0
522,부산광역시,30,N,0.0,8.924292452830189
523,부산광역시,30,N,0.0,8.924292452830189
524,울산광역시,30,N,0.0,8.924292452830189
525,울산광역시,30,N,0.0,8.924292452830189
526,경기도,30,N,0.0,10.0
527,경기도,30,N,0.0,10.0
528,경기도,30,N,0.0,10.0
529,경기도,30,N,0.0,8.0
530,경기도,30,N,0.0,8.0
531,경기도,30,Y,1.0,10.0
532,경기도,30,N,0.0,8.0
533,경기도,30,N,0.0,8.0
534,경기도,30,N,0.0,8.0
535,경기도,30,N,0.0,8.0
536,경기도,30,N,0.0,8.0
537,경기도,30,N,0.0,6.0
538,경기도,30,N,0.0,5.5
539,경기도,30,N,0.0,6.0
540,경기도,30,N,0.0,5.0
541,경기도,30,N,0.0,10.0
542,경기도,30,N,0.0,4.0
543,경기도,30,N,0.0,8.0
544,경기도,30,N,0.0,7.0
545,경기도,30,N,0.0,10.0
546,경기도,30,N,0.0,10.0
547,경기도,30,N,0.0,8.0
548,경기도,30,N,0.0,8.0
549,경기도,30,N,0.0,6.0
550,경기도,30,N,0.0,7.0
551,경기도,30,N,0.0,10.0
552,경기도,30,N,0.0,10.0
553,강원도,30,N,0.0,9.0
554,강원도,30,N,0.0,9.0
555,강원도,30,N,0.0,9.0
556,강원도,30,N,0.0,9.0
557,강원도,30,N,0.0,9.0
558,강원도,30,N,0.0,9.0
559,강원도,30,N,0.0,9.0
560,강원도,30,N,0.0,9.0
561,강원도,30,N,0.0,9.0
562,강원도,30,N,0.0,9.0
563,강원도,30,N,0.0,9.0
564,강원도,30,N,0.0,9.0
565,경기도,30,N,0.0,24.0
566,경기도,30,N,0.0,8.0
567,경기도,30,N,0.0,14.0
568,경기도,30,N,0.0,8.0
569,경기도,30,N,0.0,8.0
570,경기도,30,N,0.0,10.0
571,경기도,30,N,0.0,8.0
572,경기도,30,N,0.0,8.0
573,경기도,30,N,0.0,10.0
574,경기도,30,N,0.0,8.0
575,경기도,30,Y,1.0,10.0
576,경기도,30,N,0.0,8.0
577,경기도,30,N,0.0,7.0
578,경기도,30,Y,1.0,10.0
579,경기도,30,N,0.0,6.0
580,강원도,30,N,0.0,9.0
581,강원도,30,N,0.0,9.0
582,강원도,30,N,0.0,9.0
583,강원도,30,N,0.0,9.0
584,강원도,30,N,0.0,9.0
585,강원도,30,N,0.0,9.0
586,강원도,30,N,0.0,9.0
587,강원도,30,N,0.0,9.0
588,강원도,30,N,0.0,9.0
589,강원도,30,N,0.0,9.0
590,강원도,30,N,0.0,9.0
591,강원도,30,N,0.0,9.0
592,강원도,30,N,0.0,9.0
593,강원도,30,N,0.0,9.0
594,강원도,30,N,0.0,9.0
595,강원도,30,N,0.0,9.0
596,강원도,30,N,0.0,9.0
597,강원도,30,N,0.0,9.0
598,강원도,30,N,0.0,9.0
599,강원도,30,N,0.0,9.0
600,강원도,30,N,0.0,9.0
601,강원도,30,N,0.0,9.0
602,강원도,30,N,0.0,9.0
603,강원도,30,N,0.0,9.0
604,강원도,30,N,0.0,9.0
605,강원도,30,N,0.0,9.0
606,강원도,30,N,0.0,9.0
607,전라남도,30,N,0.0,8.924292452830189
608,강원도,30,N,0.0,9.0
609,강원도,30,N,0.0,9.0
610,강원도,30,N,0.0,9.0
611,강원도,30,N,0.0,9.0
612,강원도,30,N,0.0,9.0
613,강원도,30,N,0.0,9.0
614,강원도,30,N,0.0,9.0
615,강원도,30,N,0.0,9.0
616,강원도,30,N,0.0,9.0
617,강원도,30,N,0.0,9.0
618,강원도,30,N,0.0,9.0
619,강원도,30,N,0.0,9.0
620,강원도,30,N,0.0,9.0
621,강원도,30,N,0.0,9.0
622,강원도,30,N,0.0,9.0
623,강원도,30,N,0.0,9.0
624,강원도,30,N,0.0,9.0
625,강원도,30,N,0.0,9.0
626,강원도,30,N,0.0,9.0
627,강원도,30,N,0.0,9.0
628,강원도,30,N,0.0,9.0
629,강원도,30,N,0.0,9.0
630,강원도,30,N,0.0,9.0
631,강원도,30,N,0.0,9.0
632,강원도,30,N,0.0,9.0
633,강원도,30,N,0.0,9.0
634,대구광역시,50,Y,1.0,24.0
635,대구광역시,40,N,0.0,30.0
636,대구광역시,30,Y,1.0,10.0
637,대구광역시,30,Y,1.0,6.0
638,대구광역시,30,N,0.0,6.0
639,대구광역시,30,N,0.0,5.5
640,광주광역시,50,N,0.0,18.0
641,광주광역시,30,N,0.0,12.0
642,광주광역시,30,Y,1.0,8.0
643,광주광역시,30,N,0.0,5.0
644,광주광역시,30,Y,1.0,6.0
645,광주광역시,30,N,0.0,6.0
646,광주광역시,30,N,0.0,8.0
647,광주광역시,30,N,0.0,7.0
648,광주광역시,30,N,0.0,5.0
649,광주광역시,30,N,0.0,5.0
650,광주광역시,30,N,0.0,7.0
651,광주광역시,30,N,0.0,6.0
652,광주광역시,30,N,0.0,7.0
653,광주광역시,30,N,0.0,7.0
654,광주광역시,30,N,0.0,7.0
655,광주광역시,30,N,0.0,7.0
656,부산광역시,30,Y,1.0,18.0
657,부산광역시,30,Y,1.0,18.0
658,충청남도,30,N,0.0,8.924292452830189
659,부산광역시,30,Y,1.0,18.0
660,부산광역시,30,Y,1.0,18.0
661,부산광역시,30,Y,1.0,18.0
662,부산광역시,30,Y,1.0,18.0
663,충청북도,30,N,0.0,8.924292452830189
664,전라북도,30,N,0.0,8.924292452830189
665,전라북도,30,N,0.0,8.924292452830189
666,전라북도,30,N,0.0,8.924292452830189
667,전라북도,30,Y,1.0,8.924292452830189
668,전라북도,30,N,0.0,8.924292452830189
669,광주광역시,30,N,0.0,18.0
670,광주광역시,50,N,0.0,18.0
671,광주광역시,30,N,0.0,14.0
672,광주광역시,50,N,0.0,18.0
673,광주광역시,30,N,0.0,12.0
674,광주광역시,30,Y,1.0,6.0
675,광주광역시,30,N,0.0,6.0
676,광주광역시,30,N,0.0,8.0
677,광주광역시,30,N,0.0,7.0
678,광주광역시,30,N,0.0,5.0
679,광주광역시,30,N,0.0,5.0
680,광주광역시,30,N,0.0,7.0
681,광주광역시,30,N,0.0,6.0
682,광주광역시,30,N,0.0,7.0
683,광주광역시,30,N,0.0,7.0
684,광주광역시,30,N,0.0,7.0
685,광주광역시,30,N,0.0,7.0
686,광주광역시,30,N,0.0,18.0
687,광주광역시,50,N,0.0,18.0
688,광주광역시,30,N,0.0,14.0
689,경상북도,30,Y,2.0,7.0
690,경상북도,30,N,0.0,7.0
691,전라북도,30,N,0.0,8.924292452830189
692,강원도,30,N,0.0,9.0
693,전라북도,30,N,0.0,8.924292452830189
694,전라북도,30,N,0.0,8.924292452830189
695,전라북도,30,Y,1.0,8.924292452830189
696,전라북도,30,Y,1.0,8.924292452830189
697,전라북도,30,N,0.0,8.924292452830189
698,전라북도,30,N,0.0,8.924292452830189
699,전라북도,30,N,0.0,8.924292452830189
700,전라북도,30,N,0.0,8.924292452830189
701,전라북도,30,N,0.0,8.924292452830189
702,전라북도,30,N,0.0,8.924292452830189
703,전라북도,30,Y,1.0,8.924292452830189
704,전라북도,30,N,0.0,8.924292452830189
705,경기도,30,N,0.0,10.0
706,경기도,30,N,0.0,10.0
707,경기도,30,N,0.0,5.5
708,경기도,30,N,0.0,7.0
709,경기도,50,Y,1.0,30.0
710,경기도,30,Y,1.0,23.0
711,경기도,50,Y,1.0,35.0
712,경기도,30,Y,2.0,20.0
713,경기도,30,Y,1.0,20.0
714,경기도,30,Y,1.0,20.0
715,경기도,50,Y,1.0,30.0
716,강원도,30,N,0.0,9.0
717,강원도,30,N,0.0,9.0
718,강원도,30,N,0.0,9.0
719,강원도,30,N,0.0,9.0
720,강원도,30,N,0.0,9.0
721,강원도,30,N,0.0,9.0
722,강원도,30,N,0.0,9.0
723,강원도,30,N,0.0,9.0
724,강원도,30,N,0.0,9.0
725,강원도,30,N,0.0,9.0
726,강원도,30,N,0.0,9.0
727,강원도,30,N,0.0,9.0
728,강원도,30,N,0.0,9.0
729,강원도,30,N,0.0,9.0
730,충청북도,30,N,0.0,8.0
731,충청북도,30,N,0.0,8.0
732,인천광역시,30,N,0.0,8.924292452830189
733,인천광역시,30,Y,1.0,8.924292452830189
734,인천광역시,50,Y,1.0,8.924292452830189
735,인천광역시,30,N,0.0,8.924292452830189
736,인천광역시,30,N,0.0,8.924292452830189
737,인천광역시,30,N,0.0,8.924292452830189
738,인천광역시,30,N,0.0,8.924292452830189
739,인천광역시,30,N,0.0,8.924292452830189
740,경상남도,30,N,0.0,4.0
741,경상남도,30,N,0.0,7.0
742,경상북도,30,Y,1.0,7.0
743,경상북도,30,N,0.0,7.0
744,경상북도,30,N,0.0,7.0
745,경상북도,30,N,0.0,7.0
746,인천광역시,30,N,0.0,8.924292452830189
747,인천광역시,30,N,0.0,8.924292452830189
748,인천광역시,30,N,0.0,8.924292452830189
749,인천광역시,30,Y,1.0,8.924292452830189
750,인천광역시,30,Y,1.0,8.924292452830189
751,인천광역시,30,Y,1.0,8.924292452830189
752,인천광역시,30,N,0.0,8.924292452830189
753,인천광역시,30,Y,1.0,8.924292452830189
754,인천광역시,30,Y,1.0,8.924292452830189
755,인천광역시,30,Y,1.0,8.924292452830189
756,인천광역시,30,Y,1.0,8.924292452830189
757,인천광역시,30,N,0.0,8.924292452830189
758,인천광역시,30,Y,1.0,8.924292452830189
759,인천광역시,30,Y,1.0,8.924292452830189
760,인천광역시,30,Y,1.0,8.924292452830189
761,인천광역시,30,Y,1.0,8.924292452830189
762,인천광역시,30,N,0.0,8.924292452830189
763,인천광역시,30,Y,1.0,8.924292452830189
764,충청북도,30,N,0.0,8.924292452830189
765,충청북도,30,N,0.0,8.924292452830189
766,충청북도,30,N,0.0,8.924292452830189
767,충청북도,30,N,0.0,8.924292452830189
768,충청북도,30,N,0.0,8.924292452830189
769,충청북도,30,N,0.0,8.924292452830189
770,충청북도,30,N,0.0,8.924292452830189
771,충청북도,30,N,0.0,8.924292452830189
772,충청북도,30,N,0.0,8.924292452830189
773,충청북도,30,N,0.0,8.924292452830189
774,충청북도,30,N,0.0,8.924292452830189
775,충청북도,30,N,0.0,8.924292452830189
776,충청북도,30,N,0.0,8.924292452830189
777,충청북도,30,N,0.0,8.924292452830189
778,경상남도,30,N,0.0,8.0
779,경상남도,30,N,0.0,20.0
780,경상남도,30,N,0.0,8.0
781,경상남도,30,N,0.0,8.0
782,경상남도,30,N,0.0,8.0
783,경상남도,30,N,0.0,8.0
784,경상남도,30,N,0.0,8.0
785,경상남도,30,N,0.0,6.0
786,경상남도,30,N,0.0,8.0
787,경상남도,30,N,0.0,8.0
788,경상남도,30,N,0.0,8.0
789,경상남도,30,N,0.0,8.0
790,대구광역시,30,Y,2.0,17.5
791,대구광역시,30,Y,1.0,8.0
792,충청남도,30,N,0.0,8.924292452830189
793,충청남도,30,N,0.0,8.924292452830189
794,충청남도,30,N,0.0,8.924292452830189
795,충청남도,30,N,0.0,8.924292452830189
796,충청남도,30,N,0.0,8.924292452830189
797,충청남도,30,N,0.0,8.924292452830189
798,충청남도,30,N,0.0,8.924292452830189
799,충청남도,30,N,0.0,8.924292452830189
800,충청남도,30,N,0.0,8.924292452830189
801,충청남도,30,N,0.0,8.924292452830189
802,충청남도,30,N,0.0,8.924292452830189
803,충청남도,30,N,0.0,8.924292452830189
804,충청남도,30,N,0.0,8.924292452830189
805,충청남도,30,N,0.0,8.924292452830189
806,충청남도,30,N,0.0,8.924292452830189
807,충청남도,30,N,0.0,8.924292452830189
808,충청남도,30,N,0.0,8.924292452830189
809,충청남도,30,N,0.0,8.924292452830189
810,충청남도,30,N,0.0,8.924292452830189
811,충청남도,30,N,0.0,8.924292452830189
812,충청남도,30,N,0.0,8.924292452830189
813,충청남도,30,N,0.0,8.924292452830189
814,충청남도,30,N,0.0,8.924292452830189
815,충청북도,30,N,0.0,8.924292452830189
816,충청북도,30,N,0.0,8.924292452830189
817,충청북도,30,N,0.0,8.924292452830189
818,충청북도,30,N,0.0,8.924292452830189
819,충청북도,30,N,0.0,8.924292452830189
820,충청북도,30,N,0.0,8.924292452830189
821,충청북도,30,N,0.0,8.924292452830189
822,충청북도,30,N,0.0,8.924292452830189
823,충청북도,30,N,0.0,8.924292452830189
824,충청북도,30,N,0.0,8.924292452830189
825,충청북도,30,N,0.0,8.924292452830189
826,충청북도,30,N,0.0,8.924292452830189
827,충청북도,30,N,0.0,8.924292452830189
828,충청북도,30,N,0.0,8.924292452830189
829,충청북도,30,N,0.0,8.924292452830189
830,충청북도,30,N,0.0,8.924292452830189
831,충청북도,30,N,0.0,8.924292452830189
832,충청북도,30,N,0.0,8.924292452830189
833,충청북도,30,N,0.0,8.924292452830189
834,충청북도,30,N,0.0,8.924292452830189
835,충청북도,30,N,0.0,8.924292452830189
836,충청북도,30,N,0.0,8.924292452830189
837,충청북도,30,N,0.0,8.924292452830189
838,충청북도,30,N,0.0,8.924292452830189
839,충청북도,30,N,0.0,8.924292452830189
840,서울특별시,30,Y,1.0,20.0
841,서울특별시,30,Y,1.0,6.5
842,서울특별시,30,Y,2.0,9.0
843,서울특별시,30,Y,2.0,9.0
844,서울특별시,30,Y,1.0,6.0
845,서울특별시,30,Y,1.0,10.0
846,충청북도,30,N,0.0,8.924292452830189
847,충청북도,30,N,0.0,8.924292452830189
848,충청북도,30,N,0.0,8.924292452830189
849,충청북도,30,N,0.0,8.924292452830189
850,충청북도,30,N,0.0,8.924292452830189
851,충청북도,30,N,0.0,8.924292452830189
852,충청북도,30,N,0.0,8.924292452830189
853,충청북도,30,N,0.0,8.924292452830189
854,충청북도,30,N,0.0,8.924292452830189
855,충청북도,30,N,0.0,8.924292452830189
856,충청북도,30,N,0.0,8.924292452830189
857,충청북도,30,N,0.0,8.924292452830189
858,충청북도,30,N,0.0,8.924292452830189
859,충청북도,30,N,0.0,8.924292452830189
860,충청북도,30,N,0.0,8.924292452830189
861,충청북도,30,N,0.0,8.924292452830189
862,충청북도,30,N,0.0,8.924292452830189
863,충청북도,30,N,0.0,8.924292452830189
864,충청북도,30,N,0.0,8.924292452830189
865,대전광역시,30,Y,1.0,8.0
866,대전광역시,30,Y,2.0,10.0
867,대전광역시,40,Y,3.0,12.0
868,대전광역시,30,Y,3.0,8.0
869,대전광역시,40,Y,1.0,9.0
870,대전광역시,30,Y,2.0,9.0
871,대전광역시,30,Y,3.0,14.0
872,대전광역시,60,Y,1.0,6.0
873,대전광역시,30,Y,1.0,8.0
874,대전광역시,30,Y,1.0,7.0
875,대전광역시,30,Y,1.0,6.0
876,대전광역시,30,Y,1.0,6.0
877,경상남도,30,N,0.0,5.0
878,경상남도,30,N,0.0,6.0
879,충청남도,30,Y,1.0,8.0
880,충청남도,30,Y,1.0,8.0
881,충청남도,30,Y,1.0,20.0
882,충청남도,30,Y,1.0,8.0
883,충청남도,30,Y,1.0,8.0
884,충청남도,30,Y,1.0,8.0
885,충청남도,30,Y,1.0,8.0
886,충청남도,30,Y,1.0,8.0
887,충청남도,30,Y,1.0,8.0
888,충청남도,30,Y,1.0,8.0
889,서울특별시,30,N,0.0,9.0
890,서울특별시,30,Y,1.0,20.0
891,세종특별자치시,30,N,0.0,36.0
892,세종특별자치시,30,N,0.0,12.0
893,세종특별자치시,30,N,0.0,8.0
894,세종특별자치시,30,N,0.0,8.0
895,세종특별자치시,30,N,0.0,5.0
896,서울특별시,30,N,0.0,15.5
897,서울특별시,30,Y,2.0,6.0
898,서울특별시,30,Y,1.0,6.0
899,서울특별시,30,Y,1.0,6.0
900,서울특별시,30,Y,1.0,6.0
901,서울특별시,30,Y,3.0,6.0
902,서울특별시,30,N,0.0,5.0
903,서울특별시,30,N,0.0,6.0
904,서울특별시,30,N,0.0,13.0
905,경기도,30,Y,1.0,10.0
906,경기도,50,Y,1.0,12.0
907,경기도,30,Y,1.0,12.0
908,경기도,30,Y,1.0,6.0
909,경기도,30,Y,1.0,15.0
910,경기도,50,N,0.0,22.0
911,경기도,30,Y,1.0,8.0
912,경기도,30,Y,1.0,6.0
913,경기도,30,Y,1.0,12.0
914,경기도,30,Y,2.0,13.0
915,전라남도,30,N,0.0,10.0
916,부산광역시,30,Y,1.0,5.2
917,부산광역시,30,Y,1.0,5.2
918,부산광역시,30,Y,1.0,5.2
919,부산광역시,30,Y,1.0,18.0
920,부산광역시,30,Y,1.0,18.0
921,충청남도,30,N,0.0,8.924292452830189
922,충청남도,30,N,0.0,8.924292452830189
923,충청남도,30,N,0.0,8.924292452830189
924,충청남도,30,N,0.0,8.924292452830189
925,충청남도,30,N,0.0,8.924292452830189
926,서울특별시,30,N,0.0,3.0
927,서울특별시,30,Y,1.0,3.0
928,서울특별시,30,Y,1.0,18.0
929,서울특별시,30,Y,2.0,4.0
930,경기도,30,N,0.0,8.0
931,경기도,30,N,0.0,8.0
932,경기도,30,Y,2.0,10.0
933,경기도,30,Y,1.0,15.0
934,경기도,30,Y,1.0,6.5
935,충청남도,30,N,0.0,6.5
936,충청남도,30,N,0.0,6.5
937,충청남도,30,N,0.0,6.5
938,충청남도,30,N,0.0,6.5
939,충청남도,30,N,0.0,6.5
940,충청남도,30,N,0.0,6.5
941,충청남도,30,N,0.0,6.5
942,충청남도,30,N,0.0,6.5
943,충청남도,30,N,0.0,6.5
944,부산광역시,30,N,0.0,8.924292452830189
945,부산광역시,30,N,0.0,8.924292452830189
946,부산광역시,30,N,0.0,8.924292452830189
947,부산광역시,30,N,0.0,8.924292452830189
948,부산광역시,30,N,0.0,8.924292452830189
949,부산광역시,30,N,0.0,8.924292452830189
950,경기도,30,Y,2.0,14.0
951,경기도,30,Y,3.0,14.0
952,경기도,30,Y,2.0,14.0
953,울산광역시,30,N,0.0,12.5
954,경기도,30,Y,2.0,14.0
955,경기도,30,Y,2.0,6.5
956,경기도,30,Y,2.0,4.5
957,경기도,30,Y,2.0,14.0
958,경기도,30,Y,2.0,8.0
959,경기도,30,N,0.0,8.0
960,경기도,30,Y,1.0,8.0
961,충청남도,30,N,0.0,6.5
962,충청남도,30,N,0.0,6.5
963,충청남도,30,N,0.0,6.5
964,충청남도,30,N,0.0,6.5
965,충청남도,30,N,0.0,6.5
966,충청남도,30,N,0.0,6.5
967,충청남도,30,N,0.0,6.5
968,충청남도,30,Y,1.0,6.5
969,충청남도,30,N,0.0,6.5
970,충청남도,30,Y,1.0,6.5
971,충청남도,30,N,0.0,6.5
972,충청남도,30,Y,1.0,6.5
973,충청남도,30,N,0.0,8.5
974,충청남도,30,Y,5.0,14.0
975,충청남도,30,N,0.0,8.5
976,충청남도,30,N,0.0,8.5
977,충청남도,30,N,0.0,8.5
978,충청남도,30,N,0.0,8.5
979,충청남도,30,N,0.0,8.5
980,충청남도,30,N,0.0,8.5
981,충청남도,30,N,0.0,8.5
982,충청남도,30,N,0.0,8.5
983,충청남도,30,N,0.0,6.5
984,충청남도,30,N,0.0,6.5
985,충청남도,30,N,0.0,6.5
986,인천광역시,30,N,0.0,12.0
987,전라북도,30,Y,2.0,6.0
988,충청남도,30,Y,1.0,8.5
989,충청남도,30,Y,1.0,8.5
990,충청남도,30,Y,1.0,8.5
991,충청남도,30,Y,1.0,8.0
992,충청남도,30,Y,1.0,8.5
993,충청남도,30,N,0.0,8.0
994,충청남도,30,Y,1.0,8.5
995,충청남도,30,N,0.0,13.0
996,충청남도,30,N,0.0,6.5
997,충청남도,30,N,0.0,8.0
998,충청남도,30,Y,1.0,8.0
999,충청남도,30,N,0.0,8.0
1000,충청남도,30,N,0.0,6.5
1001,충청남도,30,N,0.0,6.5
1002,충청남도,30,N,0.0,6.5
1003,충청남도,30,N,0.0,9.25
1004,충청남도,30,N,0.0,6.5
1005,충청남도,30,N,0.0,6.5
1006,충청남도,30,Y,1.0,6.5
1007,충청남도,30,N,0.0,6.5
1008,충청남도,30,N,0.0,6.5
1009,충청남도,30,N,0.0,6.5
1010,충청남도,30,N,0.0,6.5
1011,부산광역시,30,N,0.0,8.924292452830189
1012,부산광역시,30,Y,4.0,8.924292452830189
1013,부산광역시,30,Y,2.0,8.924292452830189
1014,부산광역시,30,Y,1.0,8.924292452830189
1015,부산광역시,30,Y,1.0,8.924292452830189
1016,전라남도,30,Y,1.0,8.924292452830189
1017,전라남도,30,Y,1.0,8.924292452830189
1018,전라남도,30,N,0.0,8.924292452830189
1019,인천광역시,30,Y,2.0,7.0
1020,인천광역시,30,Y,2.0,8.0
1021,인천광역시,30,Y,2.0,13.0
1022,인천광역시,30,N,0.0,10.0
1023,인천광역시,30,Y,1.0,10.0
1024,인천광역시,30,N,0.0,20.0
1025,인천광역시,30,N,0.0,15.0
1026,인천광역시,30,Y,4.0,7.0
1027,인천광역시,30,Y,3.0,7.0
1028,인천광역시,30,N,0.0,20.0
1029,인천광역시,30,Y,2.0,5.0
1030,인천광역시,30,N,0.0,15.0
1031,인천광역시,50,N,0.0,22.0
1032,인천광역시,50,Y,1.0,30.0
1033,인천광역시,50,N,0.0,20.0
1034,인천광역시,50,N,0.0,23.0
1035,울산광역시,30,N,0.0,10.0
1036,울산광역시,40,N,0.0,20.0
1037,울산광역시,30,N,0.0,10.0
1038,울산광역시,30,N,0.0,10.0
1039,울산광역시,30,N,0.0,12.5
1040,울산광역시,30,N,0.0,12.5
1041,울산광역시,30,N,0.0,10.0
1042,울산광역시,30,N,0.0,10.0
1043,울산광역시,30,N,0.0,12.5
1044,울산광역시,30,N,0.0,10.0
1045,울산광역시,30,N,0.0,10.0
1046,울산광역시,30,N,0.0,12.5
1047,울산광역시,30,N,0.0,12.5
1048,울산광역시,30,N,0.0,30.0
1049,울산광역시,30,N,0.0,20.0
1050,울산광역시,30,N,0.0,12.5
1051,울산광역시,30,N,0.0,30.0
1052,울산광역시,30,N,0.0,12.5
1053,울산광역시,30,N,0.0,12.5
1054,부산광역시,30,Y,1.0,8.924292452830189
1055,강원도,30,N,0.0,8.924292452830189
1056,강원도,30,N,0.0,8.924292452830189
1057,강원도,30,N,0.0,8.924292452830189
1058,강원도,20,N,0.0,8.924292452830189
1059,강원도,30,N,0.0,8.924292452830189
1060,강원도,30,N,0.0,8.924292452830189
1061,강원도,30,N,0.0,8.924292452830189
1062,강원도,30,N,0.0,8.924292452830189
1063,강원도,30,N,0.0,8.924292452830189
1064,강원도,30,N,0.0,8.924292452830189
1065,강원도,30,N,0.0,8.924292452830189
1066,강원도,30,N,0.0,8.924292452830189
1067,강원도,30,N,0.0,8.924292452830189
1068,강원도,30,N,0.0,8.924292452830189
1069,강원도,30,N,0.0,8.924292452830189
1070,울산광역시,30,N,0.0,10.0
1071,울산광역시,30,N,0.0,12.5
1072,울산광역시,30,N,0.0,12.5
1073,울산광역시,30,N,0.0,12.5
1074,울산광역시,30,N,0.0,10.0
1075,울산광역시,30,N,0.0,10.0
1076,울산광역시,30,N,0.0,10.0
1077,울산광역시,30,N,0.0,10.0
1078,울산광역시,30,N,0.0,12.5
1079,울산광역시,30,N,0.0,7.5
1080,경상남도,30,N,0.0,5.5
1081,경상남도,30,N,0.0,6.0
1082,경상남도,30,N,0.0,5.0
1083,경상남도,30,N,0.0,6.0
1084,부산광역시,30,Y,1.0,24.0
1085,부산광역시,30,Y,2.0,14.0
1086,부산광역시,30,N,0.0,11.0
1087,부산광역시,30,Y,1.0,6.0
1088,부산광역시,30,N,0.0,11.0
1089,부산광역시,30,Y,2.0,8.0
1090,경상북도,30,Y,4.0,6.0
1091,부산광역시,30,N,0.0,8.924292452830189
1092,부산광역시,30,N,0.0,8.924292452830189
1093,부산광역시,30,Y,1.0,8.924292452830189
1094,부산광역시,30,Y,1.0,8.924292452830189
1095,부산광역시,30,N,0.0,8.924292452830189
1096,부산광역시,30,Y,1.0,8.924292452830189
1097,울산광역시,50,Y,1.0,20.0
1098,울산광역시,30,Y,1.0,10.0
1099,울산광역시,30,Y,1.0,15.0
1100,울산광역시,40,Y,1.0,24.0
1101,울산광역시,30,N,0.0,10.0
1102,울산광역시,30,N,0.0,7.0
1103,울산광역시,30,N,0.0,10.0
1104,울산광역시,30,N,0.0,9.0
1105,울산광역시,30,N,0.0,8.0
1106,경기도,30,N,0.0,9.0
1107,경기도,30,N,0.0,5.0
1108,경기도,50,N,0.0,12.0
1109,경기도,30,N,0.0,12.0
1110,경기도,50,N,0.0,8.0
1111,인천광역시,30,N,0.0,8.924292452830189
1112,인천광역시,30,N,0.0,8.924292452830189
1113,인천광역시,30,N,0.0,0.0
1114,인천광역시,30,Y,1.0,29.0
1115,인천광역시,30,N,0.0,8.0
1116,충청남도,30,N,0.0,8.924292452830189
1117,인천광역시,30,N,0.0,8.924292452830189
1118,인천광역시,30,N,0.0,6.0
1119,인천광역시,30,N,0.0,8.924292452830189
1120,인천광역시,30,N,0.0,8.924292452830189
1121,인천광역시,30,Y,1.0,15.5
1122,인천광역시,30,Y,2.0,14.0
1123,인천광역시,30,Y,3.0,10.0
1124,인천광역시,30,Y,2.0,7.0
1125,인천광역시,30,Y,2.0,7.0
1126,대구광역시,30,Y,1.0,6.5
1127,대구광역시,30,Y,1.0,7.0
1128,대구광역시,50,Y,1.0,34.0
1129,대구광역시,30,Y,2.0,9.0
1130,경상북도,30,N,0.0,6.0
1131,경상북도,30,N,0.0,6.0
1132,경상북도,30,N,0.0,6.0
1133,경상북도,30,N,0.0,6.0
1134,경상북도,30,N,0.0,6.0
1135,경상북도,30,N,0.0,6.0
1136,경상북도,30,N,0.0,6.0
1137,경상북도,30,N,0.0,6.0
1138,경상북도,30,N,0.0,6.0
1139,경상북도,30,N,0.0,6.0
1140,경상북도,30,N,0.0,6.0
1141,경상북도,30,N,0.0,6.0
1142,경상북도,30,N,0.0,6.0
1143,경상북도,30,N,0.0,6.0
1144,경상북도,30,N,0.0,6.0
1145,경상북도,30,N,0.0,6.0
1146,경상북도,30,N,0.0,6.0
1147,경상북도,30,N,0.0,6.0
1148,경상북도,30,N,0.0,6.0
1149,경상북도,30,N,0.0,6.0
1150,경상북도,30,N,0.0,6.0
1151,경상북도,30,N,0.0,6.0
1152,경상북도,30,N,0.0,6.0
1153,경상북도,30,N,0.0,6.0
1154,경상북도,30,N,0.0,6.0
1155,경상남도,30,N,0.0,6.0
1156,경상남도,30,N,0.0,8.0
1157,경상남도,30,N,0.0,6.5
1158,경상남도,30,N,0.0,6.0
1159,경상남도,30,N,0.0,6.0
1160,경상남도,30,N,0.0,6.0
1161,경상남도,30,N,0.0,6.0
1162,경상남도,30,N,0.0,6.0
1163,인천광역시,30,N,0.0,18.0
1164,인천광역시,30,N,0.0,18.0
1165,인천광역시,30,N,0.0,14.0
1166,인천광역시,30,Y,2.0,16.5
1167,인천광역시,30,Y,1.0,7.0
1168,인천광역시,30,N,0.0,8.924292452830189
1169,인천광역시,30,N,0.0,8.924292452830189
1170,인천광역시,30,N,0.0,8.924292452830189
1171,인천광역시,30,N,0.0,8.924292452830189
1172,인천광역시,30,N,0.0,8.924292452830189
1173,인천광역시,30,N,0.0,8.924292452830189
1174,인천광역시,30,N,0.0,8.924292452830189
1175,인천광역시,30,N,0.0,8.924292452830189
1176,인천광역시,30,N,0.0,8.924292452830189
1177,인천광역시,30,N,0.0,8.924292452830189
1178,인천광역시,30,N,0.0,8.924292452830189
1179,인천광역시,30,N,0.0,8.924292452830189
1180,인천광역시,30,N,0.0,8.924292452830189
1181,울산광역시,30,N,0.0,4.0
1182,울산광역시,30,N,0.0,8.0
1183,울산광역시,30,N,0.0,9.0
1184,울산광역시,30,N,0.0,10.0
1185,충청북도,30,N,0.0,8.0
1186,충청북도,30,N,0.0,8.0
1187,충청북도,30,N,0.0,8.0
1188,충청북도,30,N,0.0,8.0
1189,충청북도,30,N,0.0,20.0
1190,충청북도,30,N,0.0,8.0
1191,충청북도,30,N,0.0,8.0
1192,충청북도,30,N,0.0,8.0
1193,충청북도,30,N,0.0,8.0
1194,충청북도,30,N,0.0,8.0
1195,대전광역시,30,N,0.0,15.0
1196,대전광역시,40,N,0.0,24.0
1197,대전광역시,40,N,0.0,16.0
1198,대전광역시,30,N,0.0,10.0
1199,대전광역시,30,Y,1.0,8.0
1200,대전광역시,30,Y,1.0,8.0
1201,대전광역시,30,N,0.0,6.0
1202,대전광역시,30,N,0.0,8.0
1203,대전광역시,30,Y,2.0,6.0
1204,대전광역시,30,N,0.0,15.0
1205,대전광역시,30,Y,1.0,10.0
1206,대전광역시,30,N,0.0,8.0
1207,대전광역시,30,Y,1.0,20.0
1208,서울특별시,30,N,0.0,20.0
1209,서울특별시,30,Y,1.0,3.0
1210,서울특별시,30,N,0.0,20.0
1211,서울특별시,30,Y,1.0,7.0
1212,서울특별시,30,Y,1.0,6.0
1213,서울특별시,50,Y,1.0,30.0
1214,대전광역시,30,Y,1.0,8.924292452830189
1215,대전광역시,30,Y,1.0,8.924292452830189
1216,대전광역시,30,Y,1.0,8.924292452830189
1217,대전광역시,30,Y,1.0,8.924292452830189
1218,대전광역시,30,Y,1.0,8.924292452830189
1219,대전광역시,30,Y,1.0,8.924292452830189
1220,대전광역시,30,Y,1.0,8.924292452830189
1221,대전광역시,30,Y,1.0,8.924292452830189
1222,서울특별시,30,Y,1.0,6.0
1223,서울특별시,30,Y,2.0,20.0
1224,서울특별시,30,Y,1.0,20.0
1225,서울특별시,30,Y,1.0,14.0
1226,서울특별시,30,N,0.0,17.5
1227,서울특별시,30,Y,1.0,15.0
1228,서울특별시,50,N,0.0,20.0
1229,서울특별시,50,N,0.0,30.0
1230,강원도,30,N,0.0,8.0
1231,강원도,30,N,0.0,10.0
1232,제주특별자치도,50,N,0.0,8.924292452830189
1233,제주특별자치도,30,N,0.0,8.924292452830189
1234,제주특별자치도,30,N,0.0,8.924292452830189
1235,제주특별자치도,30,N,0.0,8.924292452830189
1236,제주특별자치도,30,N,0.0,8.924292452830189
1237,제주특별자치도,30,N,0.0,8.924292452830189
1238,제주특별자치도,30,N,0.0,8.924292452830189
1239,제주특별자치도,30,N,0.0,8.924292452830189
1240,제주특별자치도,30,N,0.0,8.924292452830189
1241,제주특별자치도,30,N,0.0,8.924292452830189
1242,제주특별자치도,30,N,0.0,8.924292452830189
1243,제주특별자치도,30,N,0.0,8.924292452830189
1244,제주특별자치도,30,N,0.0,8.924292452830189
1245,제주특별자치도,30,N,0.0,8.924292452830189
1246,제주특별자치도,30,N,0.0,8.924292452830189
1247,제주특별자치도,30,N,0.0,8.924292452830189
1248,제주특별자치도,30,N,0.0,8.924292452830189
1249,제주특별자치도,30,N,0.0,8.924292452830189
1250,전라북도,40,Y,4.0,14.0
1251,전라북도,30,Y,2.0,12.0
1252,경상남도,30,N,0.0,6.0
1253,경상남도,30,N,0.0,6.5
1254,제주특별자치도,30,N,0.0,8.924292452830189
1255,제주특별자치도,30,N,0.0,8.924292452830189
1256,제주특별자치도,30,N,0.0,8.924292452830189
1257,제주특별자치도,30,N,0.0,8.924292452830189
1258,제주특별자치도,30,N,0.0,8.924292452830189
1259,제주특별자치도,30,N,0.0,8.924292452830189
1260,제주특별자치도,30,N,0.0,8.924292452830189
1261,제주특별자치도,50,N,0.0,8.924292452830189
1262,제주특별자치도,30,N,0.0,8.924292452830189
1263,제주특별자치도,30,N,0.0,8.924292452830189
1264,제주특별자치도,30,N,0.0,8.924292452830189
1265,제주특별자치도,50,N,0.0,8.924292452830189
1266,제주특별자치도,30,N,0.0,8.924292452830189
1267,제주특별자치도,50,N,0.0,8.924292452830189
1268,제주특별자치도,50,N,0.0,8.924292452830189
1269,제주특별자치도,50,N,0.0,8.924292452830189
1270,제주특별자치도,50,N,0.0,8.924292452830189
1271,제주특별자치도,30,N,0.0,8.924292452830189
1272,제주특별자치도,30,N,0.0,8.924292452830189
1273,제주특별자치도,30,N,0.0,8.924292452830189
1274,제주특별자치도,30,N,0.0,8.924292452830189
1275,제주특별자치도,30,N,0.0,8.924292452830189
1276,제주특별자치도,30,N,0.0,8.924292452830189
1277,제주특별자치도,30,N,0.0,8.924292452830189
1278,제주특별자치도,30,N,0.0,8.924292452830189
1279,제주특별자치도,30,N,0.0,8.924292452830189
1280,제주특별자치도,30,N,0.0,8.924292452830189
1281,제주특별자치도,30,N,0.0,8.924292452830189
1282,제주특별자치도,30,N,0.0,8.924292452830189
1283,제주특별자치도,30,N,0.0,8.924292452830189
1284,제주특별자치도,50,N,0.0,8.924292452830189
1285,제주특별자치도,30,N,0.0,8.924292452830189
1286,제주특별자치도,50,N,0.0,8.924292452830189
1287,제주특별자치도,30,N,0.0,8.924292452830189
1288,제주특별자치도,30,N,0.0,8.924292452830189
1289,제주특별자치도,30,N,0.0,8.924292452830189
1290,제주특별자치도,30,N,0.0,8.924292452830189
1291,제주특별자치도,30,N,0.0,8.924292452830189
1292,제주특별자치도,30,N,0.0,8.924292452830189
1293,제주특별자치도,30,N,0.0,8.924292452830189
1294,제주특별자치도,50,N,0.0,8.924292452830189
1295,제주특별자치도,30,N,0.0,8.924292452830189
1296,경상북도,30,N,0.0,8.924292452830189
1297,경상북도,30,Y,1.0,8.924292452830189
1298,제주특별자치도,50,N,0.0,8.924292452830189
1299,제주특별자치도,30,N,0.0,8.924292452830189
1300,제주특별자치도,30,N,0.0,8.924292452830189
1301,제주특별자치도,30,N,0.0,8.924292452830189
1302,제주특별자치도,30,N,0.0,8.924292452830189
1303,제주특별자치도,30,N,0.0,8.924292452830189
1304,제주특별자치도,30,N,0.0,8.924292452830189
1305,제주특별자치도,30,N,0.0,8.924292452830189
1306,제주특별자치도,30,N,0.0,8.924292452830189
1307,제주특별자치도,30,N,0.0,8.924292452830189
1308,제주특별자치도,30,N,0.0,8.924292452830189
1309,제주특별자치도,30,N,0.0,8.924292452830189
1310,제주특별자치도,50,N,0.0,8.924292452830189
1311,제주특별자치도,30,N,0.0,8.924292452830189
1312,제주특별자치도,30,N,0.0,8.924292452830189
1313,제주특별자치도,30,N,0.0,8.924292452830189
1314,제주특별자치도,50,N,0.0,8.924292452830189
1315,제주특별자치도,30,N,0.0,8.924292452830189
1316,제주특별자치도,30,N,0.0,8.924292452830189
1317,제주특별자치도,30,N,0.0,8.924292452830189
1318,제주특별자치도,30,N,0.0,8.924292452830189
1319,제주특별자치도,30,N,0.0,8.924292452830189
1320,제주특별자치도,30,N,0.0,8.924292452830189
1321,제주특별자치도,30,N,0.0,8.924292452830189
1322,제주특별자치도,30,N,0.0,8.924292452830189
1323,제주특별자치도,30,N,0.0,8.924292452830189
1324,제주특별자치도,30,N,0.0,8.924292452830189
1325,제주특별자치도,30,N,0.0,8.924292452830189
1326,제주특별자치도,30,N,0.0,8.924292452830189
1327,제주특별자치도,30,N,0.0,8.924292452830189
1328,제주특별자치도,30,N,0.0,8.924292452830189
1329,제주특별자치도,30,N,0.0,8.924292452830189
1330,제주특별자치도,30,N,0.0,8.924292452830189
1331,제주특별자치도,30,N,0.0,8.924292452830189
1332,제주특별자치도,30,N,0.0,8.924292452830189
1333,제주특별자치도,30,N,0.0,8.924292452830189
1334,제주특별자치도,30,N,0.0,8.924292452830189
1335,제주특별자치도,30,N,0.0,8.924292452830189
1336,제주특별자치도,50,N,0.0,8.924292452830189
1337,제주특별자치도,50,N,0.0,8.924292452830189
1338,제주특별자치도,30,N,0.0,8.924292452830189
1339,제주특별자치도,30,N,0.0,8.924292452830189
1340,제주특별자치도,50,N,0.0,8.924292452830189
1341,경기도,60,Y,5.0,35.0
1342,경기도,30,N,0.0,6.0
1343,경기도,30,N,0.0,6.0
1344,경기도,30,N,0.0,13.0
1345,경기도,30,N,0.0,7.0
1346,경기도,30,N,0.0,7.0
1347,경기도,30,N,0.0,8.0
1348,경기도,30,N,0.0,7.0
1349,경기도,30,N,0.0,8.0
1350,경기도,30,N,0.0,7.0
1351,경기도,30,N,0.0,7.0
1352,경기도,30,N,0.0,8.0
1353,경기도,30,N,0.0,7.0
1354,경기도,30,N,0.0,8.0
1355,경기도,30,N,0.0,8.0
1356,경기도,30,N,0.0,8.0
1357,제주특별자치도,30,N,0.0,8.924292452830189
1358,제주특별자치도,50,N,0.0,8.924292452830189
1359,제주특별자치도,30,N,0.0,8.924292452830189
1360,제주특별자치도,30,N,0.0,8.924292452830189
1361,제주특별자치도,30,N,0.0,8.924292452830189
1362,제주특별자치도,50,N,0.0,8.924292452830189
1363,제주특별자치도,30,N,0.0,8.924292452830189
1364,제주특별자치도,30,N,0.0,8.924292452830189
1365,제주특별자치도,30,N,0.0,8.924292452830189
1366,경상남도,30,N,0.0,8.924292452830189
1367,경상남도,30,N,0.0,8.924292452830189
1368,경상남도,30,N,0.0,8.924292452830189
1369,경상남도,30,N,0.0,8.924292452830189
1370,경상남도,30,N,0.0,8.924292452830189
1371,경상남도,30,Y,1.0,8.924292452830189
1372,경상남도,30,N,0.0,8.924292452830189
1373,경상남도,30,N,0.0,8.924292452830189
1374,경상남도,30,N,0.0,8.924292452830189
1375,경상남도,30,N,0.0,8.924292452830189
1376,경상남도,30,N,0.0,8.924292452830189
1377,경상남도,30,N,0.0,8.924292452830189
1378,경상남도,30,N,0.0,8.924292452830189
1379,경상남도,30,N,0.0,8.924292452830189
1380,경상남도,30,N,0.0,8.924292452830189
1381,경상남도,30,N,0.0,8.924292452830189
1382,경상남도,30,N,0.0,8.924292452830189
1383,경상남도,30,N,0.0,8.924292452830189
1384,경상남도,30,N,0.0,8.924292452830189
1385,경상남도,30,N,0.0,8.924292452830189
1386,경상남도,30,N,0.0,8.924292452830189
1387,경상남도,30,N,0.0,8.924292452830189
1388,경상남도,30,N,0.0,8.924292452830189
1389,경상남도,30,N,0.0,8.924292452830189
1390,경기도,30,Y,4.0,25.0
1391,대전광역시,30,Y,1.0,8.0
1392,대전광역시,30,N,0.0,8.0
1393,대전광역시,30,Y,1.0,8.0
1394,대전광역시,30,N,0.0,8.0
1395,대전광역시,30,N,0.0,6.0
1396,대전광역시,30,N,0.0,6.0
1397,대전광역시,30,N,0.0,6.0
1398,대전광역시,30,N,0.0,8.0
1399,대전광역시,30,N,0.0,8.0
1400,대전광역시,30,N,0.0,4.0
1401,대전광역시,30,N,0.0,4.0
1402,대전광역시,30,N,0.0,20.0
1403,대전광역시,30,N,0.0,25.0
1404,경상북도,30,N,0.0,5.0
1405,전라남도,30,Y,2.0,8.0
1406,전라남도,30,Y,4.0,7.0
1407,전라남도,50,N,0.0,8.924292452830189
1408,전라남도,30,Y,1.0,8.924292452830189
1409,서울특별시,30,N,0.0,21.5
1410,서울특별시,30,N,0.0,4.0
1411,서울특별시,30,N,0.0,6.5
1412,서울특별시,30,N,0.0,13.5
1413,서울특별시,30,N,0.0,8.0
1414,서울특별시,30,Y,1.0,6.0
1415,서울특별시,30,Y,1.0,17.5
1416,서울특별시,30,N,0.0,10.0
1417,서울특별시,30,N,0.0,8.0
1418,서울특별시,30,N,0.0,6.0
1419,서울특별시,30,N,0.0,17.5
1420,서울특별시,30,Y,1.0,6.0
1421,서울특별시,30,Y,3.0,8.924292452830189
1422,서울특별시,30,Y,1.0,8.924292452830189
1423,서울특별시,30,Y,1.0,8.924292452830189
1424,서울특별시,30,N,0.0,8.924292452830189
1425,경상남도,30,N,0.0,8.924292452830189
1426,경상남도,30,N,0.0,8.924292452830189
1427,경상남도,30,N,0.0,8.924292452830189
1428,경상남도,30,N,0.0,8.924292452830189
1429,경상남도,30,N,0.0,8.924292452830189
1430,경상남도,30,N,0.0,8.924292452830189
1431,경기도,30,N,0.0,12.0
1432,경기도,30,Y,4.0,7.0
1433,경기도,30,Y,5.0,9.0
1434,경기도,50,N,0.0,26.0
1435,경기도,30,Y,8.0,18.0
1436,경기도,30,Y,5.0,6.0
1437,경기도,30,N,0.0,8.0
1438,경기도,30,N,0.0,14.0
1439,경기도,30,Y,1.0,6.5
1440,경기도,50,Y,1.0,28.0
1441,경기도,50,Y,1.0,22.0
1442,경기도,50,N,0.0,15.0
1443,경기도,30,Y,2.0,7.5
1444,경기도,30,N,0.0,5.5
1445,경기도,30,N,0.0,5.0
1446,경기도,30,N,0.0,6.5
1447,경기도,30,Y,1.0,7.5
1448,경기도,30,N,0.0,5.5
1449,전라북도,50,N,0.0,8.924292452830189
1450,전라북도,50,N,0.0,8.924292452830189
1451,전라북도,50,N,0.0,8.924292452830189
1452,전라북도,50,N,0.0,8.924292452830189
1453,전라남도,30,N,0.0,8.0
1454,전라남도,30,N,0.0,12.0
1455,전라남도,30,N,0.0,12.0
1456,전라남도,30,N,0.0,10.0
1457,충청북도,30,N,0.0,8.924292452830189
1458,충청북도,30,N,0.0,8.924292452830189
1459,충청북도,30,N,0.0,8.924292452830189
1460,충청북도,30,N,0.0,8.924292452830189
1461,충청북도,30,N,0.0,8.924292452830189
1462,충청북도,30,N,0.0,8.924292452830189
1463,경기도,30,N,0.0,25.0
1464,경기도,30,Y,5.0,8.0
1465,경기도,30,Y,4.0,27.0
1466,경기도,50,Y,9.0,35.0
1467,경기도,30,N,0.0,9.0
1468,경기도,30,N,0.0,10.5
1469,경기도,50,Y,3.0,18.0
1470,경기도,30,N,0.0,7.0
1471,경기도,30,Y,4.0,6.0
1472,경기도,30,Y,1.0,17.0
1473,경기도,30,N,0.0,16.0
1474,경기도,60,N,0.0,22.5
1475,경기도,30,N,0.0,11.0
1476,경기도,50,N,0.0,19.0
1477,경기도,30,N,0.0,6.5
1478,경상북도,30,N,0.0,8.924292452830189
1479,경상북도,30,Y,1.0,8.924292452830189
1480,경상북도,30,N,0.0,8.924292452830189
1481,경상북도,30,N,0.0,8.924292452830189
1482,경상북도,30,Y,1.0,8.924292452830189
1483,충청남도,30,N,0.0,8.924292452830189
1484,충청남도,30,N,0.0,8.924292452830189
1485,충청남도,30,N,0.0,8.924292452830189
1486,충청남도,30,N,0.0,8.924292452830189
1487,충청남도,30,N,0.0,8.924292452830189
1488,충청남도,30,N,0.0,8.924292452830189
1489,충청남도,30,N,0.0,8.924292452830189
1490,충청남도,30,N,0.0,8.924292452830189
1491,충청남도,30,N,0.0,8.924292452830189
1492,충청남도,30,N,0.0,8.924292452830189
1493,충청남도,30,N,0.0,8.924292452830189
1494,충청남도,30,N,0.0,8.924292452830189
1495,충청남도,30,N,0.0,8.924292452830189
1496,충청남도,30,N,0.0,8.924292452830189
1497,충청남도,30,N,0.0,8.924292452830189
1498,충청남도,30,N,0.0,8.924292452830189
1499,충청남도,30,N,0.0,8.924292452830189
1500,충청남도,30,N,0.0,8.924292452830189
1501,충청남도,30,N,0.0,8.924292452830189
1502,충청남도,30,N,0.0,8.924292452830189
1503,충청남도,30,N,0.0,8.924292452830189
1504,충청남도,30,N,0.0,8.924292452830189
1505,충청남도,30,N,0.0,8.924292452830189
1506,충청남도,30,N,0.0,8.924292452830189
1507,충청남도,30,N,0.0,8.924292452830189
1508,충청남도,30,N,0.0,8.924292452830189
1509,충청남도,30,N,0.0,8.924292452830189
1510,충청남도,30,N,0.0,8.924292452830189
1511,충청남도,30,N,0.0,8.924292452830189
1512,충청남도,30,N,0.0,8.924292452830189
1513,충청남도,30,N,0.0,8.924292452830189
1514,충청남도,30,N,0.0,8.924292452830189
1515,충청남도,30,N,0.0,8.924292452830189
1516,충청남도,30,N,0.0,8.924292452830189
1517,충청남도,30,N,0.0,8.924292452830189
1518,충청남도,30,N,0.0,8.924292452830189
1519,충청남도,30,N,0.0,8.924292452830189
1520,충청남도,30,N,0.0,8.924292452830189
1521,충청남도,30,N,0.0,8.924292452830189
1522,충청남도,30,N,0.0,8.924292452830189
1523,충청남도,30,N,0.0,8.924292452830189
1524,충청남도,30,N,0.0,8.924292452830189
1525,충청남도,30,Y,1.0,8.924292452830189
1526,충청남도,30,Y,1.0,8.924292452830189
1527,충청남도,30,N,0.0,8.924292452830189
1528,충청남도,30,N,0.0,8.924292452830189
1529,충청남도,30,N,0.0,8.924292452830189
1530,경기도,30,N,0.0,8.0
1531,경기도,30,N,0.0,5.0
1532,경기도,30,N,0.0,6.0
1533,경기도,30,N,0.0,5.0
1534,경기도,30,N,0.0,5.0
1535,경기도,30,Y,1.0,7.0
1536,충청남도,30,N,0.0,8.924292452830189
1537,충청남도,30,N,0.0,8.924292452830189
1538,충청남도,30,N,0.0,8.924292452830189
1539,충청남도,30,N,0.0,8.924292452830189
1540,충청남도,30,N,0.0,8.924292452830189
1541,충청남도,30,N,0.0,8.924292452830189
1542,충청남도,30,N,0.0,8.924292452830189
1543,충청남도,30,N,0.0,8.924292452830189
1544,충청남도,30,N,0.0,8.924292452830189
1545,충청남도,30,N,0.0,8.924292452830189
1546,충청남도,30,N,0.0,8.924292452830189
1547,충청남도,30,N,0.0,8.924292452830189
1548,충청남도,30,N,0.0,8.924292452830189
1549,충청남도,30,Y,1.0,8.924292452830189
1550,충청남도,30,N,0.0,8.924292452830189
1551,충청남도,30,N,0.0,8.924292452830189
1552,서울특별시,30,Y,1.0,8.924292452830189
1553,서울특별시,50,Y,1.0,8.924292452830189
1554,서울특별시,30,Y,1.0,8.924292452830189
1555,서울특별시,30,Y,1.0,8.924292452830189
1556,서울특별시,30,Y,1.0,8.924292452830189
1557,서울특별시,30,Y,1.0,8.924292452830189
1558,서울특별시,30,Y,1.0,8.924292452830189
1559,서울특별시,30,Y,1.0,8.924292452830189
1560,서울특별시,30,Y,1.0,8.924292452830189
1561,서울특별시,30,Y,1.0,8.924292452830189
1562,서울특별시,30,Y,1.0,8.924292452830189
1563,서울특별시,30,Y,1.0,8.924292452830189
1564,서울특별시,30,N,0.0,8.924292452830189
1565,서울특별시,30,Y,1.0,8.924292452830189
1566,대전광역시,30,N,0.0,8.924292452830189
1567,대전광역시,30,N,0.0,8.924292452830189
1568,대전광역시,30,N,0.0,8.924292452830189
1569,대전광역시,30,N,0.0,8.924292452830189
1570,대전광역시,30,N,0.0,8.924292452830189
1571,대전광역시,30,N,0.0,8.924292452830189
1572,대전광역시,30,N,0.0,8.924292452830189
1573,서울특별시,30,Y,1.0,6.0
1574,서울특별시,30,Y,1.0,6.0
1575,서울특별시,30,N,0.0,6.0
1576,서울특별시,40,N,0.0,20.0
1577,서울특별시,30,N,0.0,7.0
1578,서울특별시,30,N,0.0,20.0
1579,서울특별시,30,N,0.0,6.0
1580,서울특별시,30,N,0.0,6.0
1581,경기도,30,Y,2.0,6.0
1582,경기도,50,Y,1.0,22.0
1583,경기도,30,Y,1.0,6.0
1584,경기도,30,N,0.0,12.0
1585,경기도,30,Y,1.0,35.0
1586,경기도,30,Y,1.0,10.0
1587,경기도,30,Y,1.0,8.0
1588,경기도,30,N,0.0,4.0
1589,경기도,30,N,0.0,8.0
1590,전라남도,30,N,0.0,8.924292452830189
1591,전라남도,30,N,0.0,8.924292452830189
1592,전라남도,30,N,0.0,8.924292452830189
1593,대전광역시,30,Y,1.0,8.924292452830189
1594,대전광역시,30,Y,1.0,8.924292452830189
1595,경기도,30,Y,1.0,8.924292452830189
1596,경기도,30,N,0.0,8.924292452830189
1597,경기도,30,N,0.0,8.924292452830189
1598,경기도,30,N,0.0,8.924292452830189
1599,경기도,30,N,0.0,8.924292452830189
1600,경기도,30,N,0.0,8.924292452830189
1601,경기도,30,N,0.0,8.924292452830189
1602,경기도,30,N,0.0,8.924292452830189
1603,경기도,30,N,0.0,8.924292452830189
1604,경기도,30,N,0.0,8.924292452830189
1605,경기도,30,Y,2.0,8.924292452830189
1606,경기도,50,Y,1.0,8.924292452830189
1607,충청북도,30,N,0.0,5.0
1608,충청북도,30,N,0.0,10.0
1609,충청북도,30,N,0.0,10.0
1610,충청북도,30,N,0.0,10.0
1611,충청북도,30,N,0.0,10.0
1612,충청북도,30,N,0.0,10.0
1613,전라북도,30,Y,5.0,6.0
1614,전라북도,30,Y,2.0,10.0
1615,전라북도,30,Y,2.0,6.0
1616,전라북도,30,Y,2.0,6.0
1617,전라북도,30,Y,3.0,6.0
1618,전라북도,30,Y,2.0,7.0
1619,전라남도,30,N,0.0,7.5
1620,전라남도,30,N,0.0,8.0
1621,전라북도,30,Y,1.0,4.0
1622,강원도,30,N,0.0,6.0
1623,강원도,30,N,0.0,6.0
1624,강원도,30,N,0.0,6.0
1625,강원도,30,N,0.0,6.0
1626,강원도,30,N,0.0,6.0
1627,경상남도,30,N,0.0,5.0
1628,경상남도,30,N,0.0,7.0
1629,경상남도,30,N,0.0,6.5
1630,경상남도,30,N,0.0,6.0
1631,경상남도,30,N,0.0,10.0
1632,경상남도,30,N,0.0,7.0
1633,경상남도,30,N,0.0,7.0
1634,경상남도,30,N,0.0,12.5
1635,경상남도,30,Y,1.0,7.0
1636,부산광역시,30,Y,1.0,8.0
1637,경기도,60,N,0.0,16.0
1638,경기도,60,N,0.0,13.0
1639,경기도,30,Y,1.0,6.0
1640,경기도,30,Y,1.0,6.0
1641,경기도,30,N,0.0,7.0
1642,경기도,30,N,0.0,7.0
1643,경기도,30,N,0.0,6.0
1644,경기도,30,N,0.0,6.0
1645,경기도,30,N,0.0,6.0
1646,충청남도,30,N,0.0,3.0
1647,충청남도,30,N,0.0,3.0
1648,서울특별시,30,N,0.0,8.0
1649,서울특별시,30,N,0.0,12.0
1650,서울특별시,30,N,0.0,6.0
1651,서울특별시,30,N,0.0,8.0
1652,서울특별시,30,N,0.0,9.75
1653,서울특별시,30,N,0.0,6.25
1654,서울특별시,30,N,0.0,8.0
1655,서울특별시,30,N,0.0,7.75
1656,서울특별시,30,N,0.0,16.75
1657,서울특별시,30,N,0.0,16.0
1658,서울특별시,30,N,0.0,9.75
1659,서울특별시,30,N,0.0,6.5
1660,서울특별시,30,N,0.0,21.0
1661,서울특별시,30,N,0.0,9.5
1662,서울특별시,30,N,0.0,8.5
1663,충청남도,30,Y,1.0,20.0
1664,충청남도,30,Y,1.0,8.0
1665,충청남도,30,Y,1.0,8.0
1666,충청남도,30,Y,1.0,8.0
1667,충청남도,30,Y,1.0,8.0
1668,충청남도,30,Y,1.0,8.0
1669,충청남도,30,Y,1.0,8.0
1670,충청남도,30,Y,1.0,8.0
1671,경상남도,30,N,0.0,8.0
1672,경상남도,60,N,0.0,8.0
1673,경상남도,50,N,0.0,20.0
1674,경상남도,60,N,0.0,8.0
1675,경상남도,50,N,0.0,6.0
1676,강원도,30,N,0.0,6.0
1677,강원도,30,Y,2.0,40.0
1678,강원도,30,N,0.0,10.0
1679,강원도,30,N,0.0,9.0
1680,강원도,30,Y,1.0,6.0
1681,강원도,30,N,0.0,6.0
1682,강원도,30,Y,1.0,10.0
1683,강원도,30,N,0.0,11.0
1684,강원도,30,N,0.0,12.0
1685,강원도,30,N,0.0,7.0
1686,경상남도,30,N,0.0,8.924292452830189
1687,경상남도,30,N,0.0,8.924292452830189
1688,경상남도,30,N,0.0,8.924292452830189
1689,경상남도,30,Y,1.0,8.924292452830189
1690,경상남도,30,N,0.0,8.924292452830189
1691,경상남도,30,N,0.0,8.924292452830189
1692,경상남도,30,N,0.0,8.924292452830189
1693,경기도,30,N,0.0,6.0
1694,경기도,30,Y,2.0,8.0
1695,경기도,30,N,0.0,8.0
1696,강원도,30,N,0.0,6.0
1697,강원도,30,N,0.0,7.0
1698,경상북도,30,N,0.0,6.0
1699,경상북도,30,N,0.0,6.0
1700,경상북도,30,N,0.0,6.0
1701,경상북도,30,Y,2.0,6.0
1702,경상북도,30,Y,1.0,6.0
1703,경상북도,30,Y,2.0,7.0
1704,경상북도,30,Y,4.0,8.0
1705,경상북도,30,N,0.0,8.0
1706,경상북도,30,N,0.0,15.0
1707,경상북도,30,N,0.0,15.0
1708,경상북도,30,N,0.0,7.0
1709,경상남도,40,N,0.0,23.0
1710,경상남도,40,N,0.0,8.0
1711,경상남도,40,N,0.0,6.0
1712,경상남도,40,N,0.0,12.0
1713,경상남도,30,N,0.0,8.0
1714,경상남도,60,N,0.0,25.0
1715,경상남도,50,Y,1.0,30.0
1716,경상남도,30,N,0.0,7.0
1717,경상남도,50,N,0.0,18.0
1718,경상남도,30,N,0.0,8.0
1719,경상남도,30,N,0.0,9.0
1720,경상남도,60,N,0.0,16.0
1721,경상남도,30,N,3.0,7.5
1722,경상남도,30,Y,2.0,8.0
1723,경상남도,30,N,0.0,8.0
1724,경상북도,30,N,0.0,18.0
1725,경상북도,30,Y,1.0,18.0
1726,충청남도,30,N,0.0,3.0
1727,충청남도,30,N,0.0,3.0
1728,충청남도,30,N,0.0,3.0
1729,충청남도,30,N,0.0,3.0
1730,충청남도,30,N,0.0,3.0
1731,충청남도,30,N,0.0,3.0
1732,충청남도,30,N,0.0,3.0
1733,충청남도,30,N,0.0,3.0
1734,충청남도,30,N,0.0,3.0
1735,충청남도,30,N,0.0,3.0
1736,충청남도,30,N,0.0,3.0
1737,충청남도,30,N,0.0,3.0
1738,충청남도,30,N,0.0,3.0
1739,충청남도,30,N,0.0,3.0
1740,충청남도,30,N,0.0,3.0
1741,충청남도,30,N,0.0,3.0
1742,충청남도,30,N,0.0,3.0
1743,충청남도,30,N,0.0,3.0
1744,충청남도,30,N,0.0,3.0
1745,충청남도,30,N,0.0,3.0
1746,충청남도,30,N,0.0,3.0
1747,충청남도,30,N,0.0,3.0
1748,충청남도,30,N,0.0,3.0
1749,충청남도,30,N,0.0,3.0
1750,전라남도,30,N,0.0,14.0
1751,전라남도,30,N,0.0,15.0
1752,전라남도,30,N,0.0,8.0
1753,전라남도,30,N,0.0,8.0
1754,전라남도,30,N,0.0,15.0
1755,전라남도,30,Y,1.0,8.0
1756,경상남도,50,N,0.0,6.0
1757,경상남도,40,N,0.0,6.0
1758,경상남도,50,Y,2.0,6.0
1759,대구광역시,30,N,0.0,6.0
1760,대구광역시,30,N,0.0,5.5
1761,대구광역시,20,Y,2.0,4.0
1762,대구광역시,30,Y,1.0,6.0
1763,대구광역시,30,N,0.0,8.0
1764,대구광역시,30,N,0.0,21.5
1765,서울특별시,30,Y,2.0,10.0
1766,서울특별시,50,Y,5.0,40.0
1767,서울특별시,30,Y,2.0,5.5
1768,서울특별시,30,Y,1.0,11.0
1769,서울특별시,30,N,0.0,14.0
1770,서울특별시,30,Y,5.0,8.0
1771,충청남도,30,N,0.0,6.0
1772,충청남도,30,N,0.0,7.0
1773,충청남도,30,N,0.0,6.5
1774,충청남도,30,N,0.0,8.0
1775,충청남도,30,N,0.0,6.5
1776,충청남도,30,N,0.0,6.5
1777,충청남도,30,N,0.0,8.0
1778,충청남도,30,N,0.0,8.0
1779,충청남도,30,N,0.0,6.0
1780,충청남도,30,N,0.0,4.0
1781,충청남도,30,N,0.0,7.5
1782,충청남도,30,N,0.0,6.0
1783,충청남도,30,N,0.0,6.0
1784,충청남도,30,N,0.0,12.0
1785,충청남도,30,N,0.0,12.0
1786,충청남도,30,N,0.0,6.0
1787,충청남도,30,N,0.0,6.0
1788,충청남도,30,N,0.0,6.0
1789,충청남도,30,N,0.0,10.0
1790,충청남도,30,Y,1.0,6.0
1791,충청남도,30,Y,2.0,12.0
1792,충청남도,30,Y,1.0,6.0
1793,충청남도,30,N,0.0,9.0
1794,충청남도,30,N,0.0,6.0
1795,충청남도,30,N,0.0,6.0
1796,충청남도,30,N,0.0,6.0
1797,충청남도,30,Y,1.0,6.0
1798,충청남도,30,Y,0.0,6.0
1799,충청남도,30,Y,1.0,6.0
1800,서울특별시,30,Y,1.0,14.0
1801,서울특별시,30,Y,1.0,4.0
1802,서울특별시,30,Y,1.0,6.0
1803,전라남도,30,Y,2.0,10.0
1804,전라남도,30,Y,2.0,15.0
1805,충청남도,30,Y,1.0,6.0
1806,충청남도,30,Y,1.0,6.0
1807,충청남도,30,Y,1.0,5.0
1808,충청남도,30,N,0.0,6.0
1809,충청남도,30,N,0.0,6.0
1810,충청남도,30,N,0.0,3.0
1811,충청남도,50,N,0.0,18.0
1812,충청북도,30,N,0.0,11.0
1813,충청남도,30,N,0.0,8.0
1814,충청남도,30,N,0.0,6.5
1815,충청남도,30,N,0.0,8.0
1816,충청남도,30,N,0.0,6.5
1817,충청남도,50,N,0.0,8.0
1818,충청남도,30,N,0.0,8.0
1819,충청남도,30,N,0.0,6.0
1820,충청남도,30,N,0.0,6.5
1821,충청남도,30,N,0.0,6.0
1822,충청남도,30,N,0.0,8.0
1823,충청남도,30,N,0.0,6.5
1824,충청남도,30,N,0.0,6.5
1825,충청남도,30,N,0.0,6.0
1826,충청남도,30,N,0.0,8.0
1827,충청남도,30,N,0.0,6.0
1828,충청남도,30,N,0.0,6.0
1829,충청남도,30,N,0.0,6.0
1830,충청남도,30,N,0.0,8.0
1831,충청남도,30,N,0.0,8.0
1832,충청남도,30,N,0.0,6.5
1833,충청남도,30,N,0.0,8.924292452830189
1834,충청남도,30,N,0.0,8.924292452830189
1835,충청남도,30,N,0.0,8.924292452830189
1836,충청남도,30,N,0.0,8.924292452830189
1837,충청남도,30,N,0.0,8.924292452830189
1838,충청남도,30,N,0.0,8.924292452830189
1839,충청남도,30,N,0.0,8.924292452830189
1840,충청남도,30,N,0.0,8.924292452830189
1841,충청남도,30,N,0.0,8.924292452830189
1842,충청남도,30,N,0.0,8.924292452830189
1843,충청남도,30,N,0.0,8.924292452830189
1844,충청남도,30,N,0.0,8.924292452830189
1845,충청남도,30,N,0.0,8.924292452830189
1846,충청남도,30,N,0.0,8.924292452830189
1847,경상북도,30,N,0.0,7.0
1848,경상북도,30,N,0.0,7.0
1849,충청남도,30,N,0.0,6.5
1850,충청남도,30,N,0.0,7.0
1851,충청남도,30,N,0.0,6.5
1852,충청남도,30,N,0.0,6.5
1853,서울특별시,30,Y,3.0,8.924292452830189
1854,서울특별시,30,Y,3.0,8.924292452830189
1855,서울특별시,30,Y,3.0,8.924292452830189
1856,서울특별시,30,N,0.0,8.924292452830189
1857,서울특별시,30,N,0.0,8.924292452830189
1858,서울특별시,30,N,0.0,8.924292452830189
1859,서울특별시,30,N,0.0,8.924292452830189
1860,서울특별시,30,N,0.0,8.924292452830189
1861,서울특별시,30,N,0.0,8.924292452830189
1862,경상북도,30,N,0.0,7.0
1863,경상북도,30,N,0.0,7.0
1864,경상북도,30,N,0.0,7.0
1865,경상북도,30,N,0.0,7.0
1866,경상북도,30,N,0.0,7.0
1867,경상북도,30,N,0.0,7.0
1868,경상북도,30,N,0.0,7.0
1869,경상북도,30,N,0.0,7.0
1870,경상북도,30,N,0.0,7.0
1871,경상북도,30,N,0.0,7.0
1872,경상북도,30,N,0.0,7.0
1873,경상북도,30,N,0.0,7.0
1874,경상북도,30,N,0.0,7.0
1875,경상북도,30,N,0.0,7.0
1876,경상북도,30,N,0.0,7.0
1877,경상북도,30,N,0.0,7.0
1878,경상북도,30,N,0.0,7.0
1879,경상북도,30,N,0.0,7.0
1880,충청남도,30,N,0.0,8.924292452830189
1881,충청남도,30,N,0.0,8.924292452830189
1882,충청남도,30,N,0.0,8.924292452830189
1883,충청남도,30,N,0.0,8.924292452830189
1884,충청남도,30,N,0.0,8.924292452830189
1885,충청남도,30,N,0.0,8.924292452830189
1886,충청남도,30,N,0.0,8.924292452830189
1887,충청남도,30,N,0.0,8.924292452830189
1888,충청남도,30,N,0.0,8.924292452830189
1889,충청남도,30,N,0.0,8.924292452830189
1890,충청남도,30,N,0.0,8.924292452830189
1891,충청남도,30,N,0.0,8.924292452830189
1892,충청남도,30,N,0.0,8.924292452830189
1893,충청남도,30,N,0.0,8.924292452830189
1894,충청남도,30,N,0.0,8.924292452830189
1895,충청남도,30,N,0.0,8.924292452830189
1896,충청남도,30,N,0.0,8.924292452830189
1897,충청남도,30,N,0.0,8.924292452830189
1898,충청남도,30,N,0.0,8.924292452830189
1899,대구광역시,30,N,0.0,8.924292452830189
1900,대구광역시,30,N,0.0,8.924292452830189
1901,경기도,30,N,0.0,8.924292452830189
1902,경기도,30,N,0.0,8.924292452830189
1903,경기도,30,N,0.0,8.924292452830189
1904,경기도,30,N,0.0,8.924292452830189
1905,경기도,30,N,0.0,8.924292452830189
1906,경기도,30,N,0.0,6.0
1907,경기도,50,Y,3.0,14.0
1908,경기도,30,N,0.0,6.0
1909,경기도,30,Y,1.0,5.0
1910,경기도,30,Y,1.0,6.0
1911,경기도,30,Y,1.0,6.0
1912,경기도,30,N,0.0,6.0
1913,경기도,30,N,0.0,3.0
1914,경기도,30,N,0.0,3.0
1915,경기도,30,N,0.0,3.0
1916,경기도,30,N,0.0,3.0
1917,경기도,30,N,0.0,3.0
1918,경기도,30,N,0.0,3.0
1919,경기도,30,N,0.0,6.0
1920,경기도,30,N,0.0,3.0
1921,경기도,30,N,0.0,3.0
1922,경기도,30,N,0.0,6.0
1923,경기도,30,N,0.0,6.0
1924,경기도,30,N,0.0,6.0
1925,경기도,30,Y,1.0,6.0
1926,경기도,30,Y,1.0,12.0
1927,충청북도,30,N,0.0,7.0
1928,충청북도,30,N,0.0,7.0
1929,충청북도,30,N,0.0,7.0
1930,충청북도,30,N,0.0,7.0
1931,충청북도,30,N,0.0,7.0
1932,충청북도,30,N,0.0,7.0
1933,충청북도,30,N,0.0,7.0
1934,충청북도,30,N,0.0,7.0
1935,충청북도,30,N,0.0,7.0
1936,충청북도,30,N,0.0,7.0
1937,충청북도,30,N,0.0,7.0
1938,충청북도,30,N,0.0,7.0
1939,충청북도,30,N,0.0,7.0
1940,충청북도,30,Y,1.0,7.0
1941,충청북도,30,Y,1.0,7.0
1942,충청북도,30,N,0.0,7.0
1943,충청북도,30,N,0.0,7.0
1944,충청북도,30,N,0.0,7.0
1945,충청북도,30,Y,2.0,7.0
1946,충청북도,30,N,0.0,7.0
1947,충청북도,30,Y,1.0,7.0
1948,충청북도,30,N,0.0,7.0
1949,충청북도,30,N,0.0,7.0
1950,충청북도,30,N,0.0,7.0
1951,충청북도,30,N,0.0,7.0
1952,충청북도,30,Y,1.0,7.0
1953,충청북도,30,Y,1.0,7.0
1954,충청북도,30,N,0.0,7.0
1955,충청북도,30,Y,2.0,7.0
1956,충청북도,30,Y,1.0,7.0
1957,충청북도,30,Y,2.0,7.0
1958,충청북도,30,Y,1.0,7.0
1959,충청북도,30,Y,1.0,7.0
1960,충청북도,30,N,0.0,7.0
1961,충청북도,30,Y,1.0,7.0
1962,충청북도,30,Y,1.0,7.0
1963,충청북도,30,Y,1.0,7.0
1964,충청북도,30,Y,1.0,7.0
1965,충청북도,40,Y,2.0,7.0
1966,충청북도,30,N,0.0,7.0
1967,충청북도,30,N,0.0,7.0
1968,충청북도,30,N,0.0,7.0
1969,충청북도,30,N,0.0,7.0
1970,충청북도,30,N,0.0,7.0
1971,충청북도,30,N,0.0,7.0
1972,충청북도,30,N,0.0,7.0
1973,충청북도,30,N,0.0,7.0
1974,충청북도,30,N,0.0,7.0
1975,충청북도,30,N,0.0,7.0
1976,충청북도,30,N,0.0,7.0
1977,충청북도,30,N,0.0,7.0
1978,충청북도,30,N,0.0,7.0
1979,충청북도,30,N,0.0,7.0
1980,충청북도,30,N,0.0,7.0
1981,충청북도,30,N,0.0,7.0
1982,충청북도,30,N,0.0,7.0
1983,충청북도,30,N,0.0,7.0
1984,충청북도,30,N,0.0,7.0
1985,충청북도,30,N,0.0,7.0
1986,충청북도,30,N,0.0,7.0
1987,충청북도,30,N,0.0,7.0
1988,충청북도,30,N,0.0,7.0
1989,강원도,30,N,0.0,8.924292452830189
1990,강원도,30,N,0.0,8.924292452830189
1991,경상북도,30,N,0.0,6.0
1992,경상북도,30,N,0.0,6.0
1993,경상북도,30,N,0.0,6.0
1994,경상북도,30,N,0.0,6.0
1995,경상북도,30,N,0.0,6.0
1996,경상북도,30,N,0.0,6.0
1997,경상북도,30,N,0.0,6.0
1998,경상북도,30,N,0.0,6.0
1999,경상북도,30,N,0.0,6.0
2000,경상북도,30,N,0.0,6.0
2001,경상북도,30,N,0.0,6.0
2002,경상북도,30,N,0.0,6.0
2003,경상북도,30,N,0.0,6.0
2004,경상북도,30,N,0.0,6.0
2005,경상북도,30,N,0.0,6.0
2006,경상북도,30,N,0.0,6.0
2007,광주광역시,30,Y,1.0,8.924292452830189
2008,광주광역시,30,Y,1.0,8.924292452830189
2009,광주광역시,30,N,0.0,8.924292452830189
2010,광주광역시,30,N,0.0,8.924292452830189
2011,광주광역시,30,N,0.0,8.924292452830189
2012,광주광역시,30,N,0.0,8.924292452830189
2013,광주광역시,30,Y,1.0,8.924292452830189
2014,광주광역시,30,N,0.0,8.924292452830189
2015,광주광역시,30,N,0.0,8.924292452830189
2016,광주광역시,30,Y,1.0,8.924292452830189
2017,광주광역시,30,N,0.0,8.924292452830189
2018,광주광역시,30,N,0.0,8.924292452830189
2019,강원도,30,N,0.0,8.924292452830189
2020,서울특별시,50,N,0.0,8.924292452830189
2021,서울특별시,30,N,0.0,8.924292452830189
2022,서울특별시,30,N,0.0,8.924292452830189
2023,서울특별시,30,N,0.0,8.924292452830189
2024,서울특별시,30,N,0.0,8.924292452830189
2025,서울특별시,30,N,0.0,8.924292452830189
2026,강원도,30,N,0.0,8.924292452830189
2027,강원도,30,N,0.0,8.924292452830189
2028,강원도,30,N,0.0,8.924292452830189
2029,강원도,30,N,0.0,8.924292452830189
2030,강원도,30,N,0.0,8.924292452830189
2031,강원도,30,N,0.0,8.924292452830189
2032,강원도,60,N,0.0,8.924292452830189
2033,강원도,30,N,0.0,8.924292452830189
2034,강원도,30,N,0.0,8.924292452830189
2035,강원도,30,N,0.0,8.924292452830189
2036,강원도,30,N,0.0,8.924292452830189
2037,강원도,40,N,0.0,8.924292452830189
2038,강원도,30,N,0.0,8.924292452830189
2039,강원도,30,N,0.0,8.924292452830189
2040,강원도,30,N,0.0,8.924292452830189
2041,강원도,30,N,0.0,8.924292452830189
2042,강원도,30,N,0.0,8.924292452830189
2043,강원도,30,N,0.0,8.924292452830189
2044,강원도,30,N,0.0,8.924292452830189
2045,강원도,30,N,0.0,8.924292452830189
2046,강원도,30,N,0.0,8.924292452830189
2047,강원도,30,N,0.0,8.924292452830189
2048,충청남도,30,N,0.0,6.0
2049,인천광역시,30,N,0.0,6.0
2050,인천광역시,30,N,0.0,6.0
2051,인천광역시,30,N,0.0,12.0
2052,인천광역시,30,N,0.0,6.0
2053,인천광역시,30,N,0.0,6.0
2054,인천광역시,30,N,0.0,4.0
2055,인천광역시,30,N,0.0,6.0
2056,인천광역시,30,N,0.0,6.0
2057,충청북도,30,N,0.0,8.924292452830189
2058,충청북도,30,N,0.0,8.924292452830189
2059,충청북도,30,N,0.0,8.924292452830189
2060,충청북도,30,N,0.0,8.924292452830189
2061,충청남도,30,N,0.0,8.924292452830189
2062,충청남도,30,N,0.0,5.7
2063,충청남도,30,N,0.0,8.924292452830189
2064,충청남도,30,N,0.0,8.924292452830189
2065,충청남도,30,N,0.0,8.924292452830189
2066,충청남도,30,N,0.0,8.924292452830189
2067,충청남도,30,N,0.0,8.924292452830189
2068,충청남도,30,N,0.0,8.924292452830189
2069,충청남도,30,N,0.0,8.924292452830189
2070,충청남도,30,N,0.0,8.924292452830189
2071,충청남도,30,N,0.0,8.924292452830189
2072,충청남도,30,N,0.0,8.924292452830189
2073,충청남도,30,N,0.0,8.924292452830189
2074,충청남도,30,N,0.0,8.924292452830189
2075,충청남도,30,N,0.0,8.924292452830189
2076,충청남도,30,N,0.0,8.924292452830189
2077,충청북도,30,N,0.0,8.924292452830189
2078,충청북도,30,N,0.0,8.924292452830189
2079,충청북도,30,N,0.0,8.924292452830189
2080,충청북도,30,N,0.0,8.924292452830189
2081,충청북도,30,N,0.0,8.924292452830189
2082,충청북도,30,N,0.0,8.924292452830189
2083,충청북도,30,N,0.0,8.924292452830189
2084,충청북도,30,N,0.0,8.924292452830189
2085,충청북도,30,N,0.0,8.924292452830189
2086,충청북도,30,N,0.0,8.924292452830189
2087,충청북도,30,N,0.0,8.924292452830189
2088,부산광역시,50,Y,1.0,18.0
2089,부산광역시,60,Y,1.0,16.0
2090,부산광역시,50,Y,1.0,10.0
2091,충청남도,30,N,0.0,8.924292452830189
2092,충청남도,30,N,0.0,8.924292452830189
2093,충청남도,30,N,0.0,8.924292452830189
2094,충청남도,30,N,0.0,8.924292452830189
2095,충청남도,30,N,0.0,8.924292452830189
2096,충청남도,30,N,0.0,8.924292452830189
2097,충청남도,30,N,0.0,8.924292452830189
2098,충청남도,30,N,0.0,8.924292452830189
2099,충청남도,30,N,0.0,8.924292452830189
2100,충청남도,30,N,0.0,8.924292452830189
2101,충청남도,30,N,0.0,8.924292452830189
2102,충청남도,30,N,0.0,8.924292452830189
2103,충청남도,30,N,0.0,8.924292452830189
2104,충청남도,30,N,0.0,8.924292452830189
2105,충청남도,30,N,0.0,8.924292452830189
2106,충청남도,30,N,0.0,8.924292452830189
2107,충청남도,30,N,0.0,8.924292452830189
2108,충청남도,30,N,0.0,8.924292452830189
2109,충청남도,30,N,0.0,8.924292452830189
2110,충청남도,30,N,0.0,8.924292452830189
2111,충청남도,30,N,0.0,8.924292452830189
2112,충청남도,30,N,0.0,8.924292452830189
2113,충청남도,30,N,0.0,8.924292452830189
2114,충청남도,30,N,0.0,8.924292452830189
2115,충청남도,30,N,0.0,8.924292452830189
2116,충청남도,30,N,0.0,8.924292452830189
2117,충청남도,30,N,0.0,8.924292452830189
2118,충청남도,30,N,0.0,8.924292452830189
2119,충청남도,30,N,0.0,8.924292452830189
2120,충청남도,30,N,0.0,8.924292452830189
2121,충청남도,30,N,0.0,8.924292452830189
2122,충청남도,30,N,0.0,8.924292452830189
2123,충청남도,30,N,0.0,8.924292452830189
2124,충청남도,30,N,0.0,8.924292452830189
2125,충청남도,30,N,0.0,8.924292452830189
2126,충청남도,30,N,0.0,8.924292452830189
2127,충청남도,30,N,0.0,8.924292452830189
2128,충청남도,30,N,0.0,8.924292452830189
2129,충청남도,30,N,0.0,8.924292452830189
2130,충청남도,30,N,0.0,8.924292452830189
2131,충청남도,30,N,0.0,8.924292452830189
2132,충청남도,30,N,0.0,8.924292452830189
2133,충청남도,30,N,0.0,8.924292452830189
2134,충청남도,30,N,0.0,8.924292452830189
2135,충청남도,30,N,0.0,8.924292452830189
2136,충청남도,30,N,0.0,8.924292452830189
2137,충청남도,30,N,0.0,8.924292452830189
2138,충청남도,30,N,0.0,8.924292452830189
2139,충청남도,30,N,0.0,8.924292452830189
2140,충청남도,30,N,0.0,8.924292452830189
2141,충청남도,30,N,0.0,8.924292452830189
2142,충청남도,30,N,0.0,8.924292452830189
2143,충청남도,30,N,0.0,8.924292452830189
2144,충청남도,30,N,0.0,8.924292452830189
2145,충청남도,30,N,0.0,8.924292452830189
2146,충청남도,30,N,0.0,8.924292452830189
2147,충청남도,30,N,0.0,8.924292452830189
2148,충청남도,30,N,0.0,8.924292452830189
2149,경기도,60,N,0.0,8.924292452830189
2150,경기도,30,N,0.0,8.924292452830189
2151,경기도,30,N,0.0,8.924292452830189
2152,경기도,30,N,0.0,8.924292452830189
2153,경기도,30,N,0.0,8.924292452830189
2154,경기도,30,N,0.0,8.924292452830189
2155,경기도,30,N,0.0,8.924292452830189
2156,경기도,30,N,0.0,8.924292452830189
2157,경기도,30,N,0.0,8.924292452830189
2158,경상북도,32,N,0.0,10.0
2159,경상북도,33,N,0.0,8.4
2160,경상북도,34,N,0.0,5.0
2161,전라북도,30,N,0.0,6.0
2162,전라북도,30,N,0.0,6.0
2163,전라북도,30,N,0.0,6.0
2164,전라북도,30,N,0.0,6.0
2165,전라북도,30,N,0.0,6.0
2166,전라북도,30,N,0.0,6.0
2167,전라북도,30,N,0.0,6.0
2168,전라북도,30,N,0.0,6.0
2169,전라북도,30,N,0.0,6.0
2170,전라북도,30,Y,2.0,18.0
2171,전라북도,30,N,0.0,6.0
2172,충청남도,30,N,0.0,8.924292452830189
2173,충청남도,30,N,0.0,8.924292452830189
2174,충청남도,30,N,0.0,8.924292452830189
2175,충청남도,30,N,0.0,8.924292452830189
2176,충청남도,30,N,0.0,8.924292452830189
2177,경기도,30,N,0.0,8.924292452830189
2178,경기도,30,N,0.0,8.924292452830189
2179,경기도,30,N,0.0,8.924292452830189
2180,경기도,30,N,0.0,8.924292452830189
2181,경기도,30,N,0.0,8.924292452830189
2182,경기도,30,N,0.0,8.924292452830189
2183,경기도,30,N,0.0,8.924292452830189
2184,경기도,30,N,0.0,8.924292452830189
2185,경기도,30,N,0.0,8.924292452830189
2186,충청남도,30,N,0.0,8.0
2187,충청남도,30,N,0.0,8.0
2188,충청남도,30,N,0.0,8.0
2189,충청남도,30,N,0.0,8.0
2190,충청남도,30,N,0.0,8.0
2191,충청남도,30,N,0.0,8.0
2192,충청남도,30,N,0.0,8.0
2193,충청남도,30,N,0.0,8.0
2194,충청남도,30,N,0.0,8.0
2195,충청남도,30,N,0.0,8.0
2196,충청남도,30,N,0.0,8.0
2197,충청남도,30,N,0.0,8.0
2198,충청남도,30,N,0.0,8.0
2199,충청남도,30,N,0.0,8.0
2200,충청남도,30,N,0.0,8.0
2201,충청남도,30,N,0.0,8.0
2202,충청남도,30,N,0.0,8.0
2203,충청남도,30,N,0.0,8.0
2204,충청남도,30,N,0.0,8.924292452830189
2205,충청남도,30,Y,1.0,8.0
2206,충청남도,30,Y,1.0,8.0
2207,충청남도,30,Y,1.0,8.0
2208,충청남도,30,Y,1.0,8.0
2209,충청남도,30,Y,1.0,8.0
2210,충청남도,30,Y,1.0,8.0
2211,충청남도,30,Y,1.0,8.0
2212,충청남도,30,Y,1.0,8.0
2213,충청남도,30,Y,1.0,8.0
2214,충청남도,30,Y,1.0,8.0
2215,충청남도,30,Y,1.0,8.0
2216,충청남도,30,Y,1.0,8.0
2217,충청남도,30,N,0.0,8.0
2218,충청남도,30,N,0.0,8.0
2219,충청남도,30,N,0.0,8.0
2220,충청남도,30,N,0.0,8.0
2221,충청남도,30,N,0.0,8.0
2222,충청남도,30,N,0.0,8.0
2223,충청남도,30,N,0.0,8.0
2224,충청남도,30,N,0.0,8.0
2225,충청남도,30,N,0.0,8.0
2226,충청남도,30,N,0.0,8.0
2227,충청남도,30,Y,1.0,20.0
2228,충청남도,30,N,0.0,8.0
2229,충청남도,30,N,0.0,8.0
2230,충청남도,30,N,0.0,8.0
2231,충청남도,30,N,0.0,8.0
2232,충청북도,30,N,0.0,8.0
2233,충청북도,30,N,0.0,8.0
2234,충청남도,30,Y,1.0,8.0
2235,충청남도,30,Y,1.0,8.0
2236,충청남도,30,Y,1.0,8.0
2237,충청남도,30,Y,1.0,8.0
2238,충청남도,30,Y,1.0,8.0
2239,충청남도,30,Y,1.0,8.0
2240,충청남도,30,Y,1.0,8.0
2241,충청남도,30,Y,1.0,8.0
2242,충청남도,30,Y,1.0,8.0
2243,충청남도,30,Y,1.0,8.0
2244,충청남도,30,Y,1.0,8.0
2245,충청남도,30,Y,1.0,8.0
2246,충청남도,30,Y,1.0,8.0
2247,충청남도,30,Y,1.0,8.0
2248,충청남도,30,Y,1.0,8.0
2249,충청남도,30,Y,1.0,8.0
2250,서울특별시,30,N,0.0,3.5
2251,서울특별시,30,N,0.0,10.0
2252,서울특별시,30,N,0.0,10.55
2253,서울특별시,30,N,0.0,10.55
2254,경기도,30,Y,1.0,6.0
2255,경기도,50,Y,1.0,14.0
2256,경기도,30,Y,1.0,14.0
2257,경기도,30,Y,1.0,8.0
2258,경기도,30,Y,1.0,6.0
2259,경기도,30,N,0.0,4.0
2260,전라북도,40,Y,1.0,8.924292452830189
2261,충청남도,30,N,0.0,8.0
2262,전라북도,40,Y,1.0,8.924292452830189
2263,충청북도,30,N,0.0,20.0
2264,충청북도,30,N,0.0,8.0
2265,충청북도,30,N,0.0,8.0
2266,충청북도,30,N,0.0,8.0
2267,충청북도,30,N,0.0,8.0
2268,충청북도,30,N,0.0,8.0
2269,충청북도,30,N,0.0,8.0
2270,충청북도,30,N,0.0,8.0
2271,충청북도,30,N,0.0,8.0
2272,충청북도,30,N,0.0,8.0
2273,충청북도,30,N,0.0,8.0
2274,충청북도,30,N,0.0,8.0
2275,충청북도,30,N,0.0,8.0
2276,충청북도,30,N,0.0,8.0
2277,충청북도,30,N,0.0,8.0
2278,충청북도,30,N,0.0,8.0
2279,경상북도,30,N,0.0,6.0
2280,경상북도,30,N,0.0,6.0
2281,경상북도,30,N,0.0,6.0
2282,경상북도,30,N,0.0,6.0
2283,경상북도,30,Y,1.0,6.0
2284,경상북도,30,N,0.0,6.0
2285,경상북도,30,N,0.0,6.0
2286,경상북도,30,N,0.0,6.0
2287,경상북도,30,N,0.0,6.0
2288,경상북도,31,N,0.0,6.0
2289,충청남도,30,Y,1.0,7.0
2290,충청남도,30,Y,1.0,7.0
2291,충청남도,30,Y,1.0,7.0
2292,충청남도,30,N,0.0,7.0
2293,충청남도,30,N,0.0,7.0
2294,충청남도,30,Y,1.0,7.0
2295,충청남도,30,N,0.0,16.0
2296,충청남도,30,N,0.0,7.0
2297,충청남도,30,N,0.0,12.0
2298,충청남도,30,N,0.0,7.0
2299,충청남도,30,N,0.0,12.0
2300,충청남도,30,N,0.0,5.0
2301,충청남도,30,N,0.0,8.0
2302,충청남도,30,N,0.0,7.0
2303,충청남도,30,Y,1.0,7.0
2304,충청남도,30,N,0.0,7.0
2305,충청남도,30,N,0.0,7.0
2306,충청남도,30,N,0.0,8.0
2307,충청남도,30,Y,1.0,8.0
2308,충청남도,30,N,0.0,8.0
2309,충청남도,30,N,0.0,7.0
2310,충청남도,30,N,0.0,8.0
2311,충청남도,30,N,0.0,7.0
2312,충청남도,30,N,0.0,7.0
2313,충청남도,30,N,0.0,7.0
2314,충청남도,30,Y,2.0,16.0
2315,충청남도,30,N,0.0,7.0
2316,충청남도,30,N,0.0,7.0
2317,충청남도,30,N,0.0,8.0
2318,충청남도,30,Y,1.0,8.0
2319,충청남도,30,Y,1.0,8.0
2320,충청남도,30,Y,1.0,8.0
2321,충청남도,30,N,0.0,7.0
2322,충청남도,30,Y,1.0,8.0
2323,충청남도,30,N,0.0,8.0
2324,충청남도,30,N,0.0,7.0
2325,충청남도,30,N,0.0,8.0
2326,충청남도,30,N,0.0,8.0
2327,충청남도,30,N,0.0,8.0
2328,충청남도,30,N,0.0,8.0
2329,충청남도,30,N,0.0,8.0
2330,충청남도,30,N,0.0,8.0
2331,충청남도,30,N,0.0,8.0
2332,충청남도,30,N,0.0,5.0
2333,충청남도,30,N,0.0,8.0
2334,충청남도,30,N,0.0,8.0
2335,충청남도,30,N,0.0,8.0
2336,충청남도,30,N,0.0,8.0
2337,충청남도,30,N,0.0,8.0
2338,충청남도,30,N,0.0,8.0
2339,충청남도,30,Y,1.0,8.0
2340,충청남도,30,N,0.0,8.0
2341,충청남도,30,N,0.0,8.0
2342,충청남도,30,N,0.0,8.0
2343,충청남도,30,N,0.0,25.0
2344,충청남도,30,Y,1.0,8.0
2345,충청남도,30,Y,1.0,8.0
2346,충청남도,30,Y,1.0,8.0
2347,충청남도,30,Y,1.0,8.0
2348,충청남도,30,Y,1.0,8.0
2349,충청남도,30,N,0.0,7.0
2350,충청남도,30,N,0.0,7.0
2351,경기도,30,N,0.0,8.924292452830189
2352,경기도,30,N,0.0,8.924292452830189
2353,경기도,30,N,0.0,8.924292452830189
2354,충청북도,30,N,0.0,7.0
2355,충청북도,30,N,0.0,7.0
2356,충청북도,30,N,0.0,7.0
2357,충청북도,30,N,0.0,7.0
2358,충청북도,30,N,0.0,7.0
2359,충청북도,30,N,0.0,7.0
2360,충청북도,30,N,0.0,7.0
2361,충청북도,30,N,0.0,7.0
2362,충청북도,30,N,0.0,7.0
2363,충청북도,30,N,0.0,7.0
2364,충청북도,30,N,0.0,7.0
2365,충청북도,30,N,0.0,7.0
2366,충청북도,30,N,0.0,7.0
2367,충청북도,30,N,0.0,7.0
2368,충청북도,30,N,0.0,7.0
2369,충청북도,30,N,0.0,7.0
2370,충청북도,30,N,0.0,7.0
2371,충청북도,30,N,0.0,7.0
2372,충청북도,30,N,0.0,7.0
2373,충청북도,30,N,0.0,7.0
2374,충청북도,30,N,0.0,7.0
2375,충청북도,30,N,0.0,7.0
2376,충청북도,30,N,0.0,7.0
2377,서울특별시,30,N,0.0,8.924292452830189
2378,서울특별시,30,N,0.0,8.924292452830189
2379,서울특별시,50,N,0.0,8.924292452830189
2380,서울특별시,30,Y,1.0,10.0
2381,서울특별시,30,N,0.0,25.0
2382,서울특별시,30,Y,1.0,8.5
2383,서울특별시,30,Y,2.0,4.0
2384,충청북도,30,N,0.0,7.0
2385,충청북도,30,N,0.0,7.0
2386,충청북도,30,N,0.0,7.0
2387,충청북도,30,N,0.0,7.0
2388,충청북도,30,N,0.0,7.0
2389,충청북도,30,N,0.0,7.0
2390,충청북도,30,N,0.0,7.0
2391,충청북도,30,N,0.0,7.0
2392,충청북도,30,N,0.0,7.0
2393,충청북도,30,N,0.0,7.0
2394,충청북도,30,N,0.0,7.0
2395,충청북도,30,N,0.0,7.0
2396,충청북도,30,N,0.0,7.0
2397,충청북도,30,N,0.0,7.0
2398,충청북도,30,N,0.0,8.924292452830189
2399,충청북도,30,N,0.0,8.924292452830189
2400,충청북도,30,N,0.0,8.924292452830189
2401,충청북도,30,N,0.0,8.924292452830189
2402,충청북도,30,N,0.0,8.924292452830189
2403,충청북도,30,N,0.0,8.924292452830189
2404,충청북도,30,N,0.0,8.924292452830189
2405,충청북도,30,N,0.0,8.924292452830189
2406,충청북도,30,N,0.0,8.924292452830189
2407,충청북도,30,N,0.0,8.924292452830189
2408,충청북도,30,N,0.0,8.924292452830189
2409,충청북도,30,N,0.0,8.924292452830189
2410,충청북도,30,N,0.0,8.924292452830189
2411,충청북도,30,N,0.0,8.924292452830189
2412,충청북도,30,N,0.0,8.924292452830189
2413,전라남도,30,N,0.0,9.0
2414,경상북도,30,N,0.0,6.0
2415,경상북도,30,N,0.0,6.0
2416,경상북도,30,N,0.0,6.0
2417,경상북도,30,Y,4.0,6.0
2418,경상북도,30,N,0.0,6.0
2419,경상북도,30,N,0.0,6.0
2420,경상북도,30,Y,3.0,6.0
2421,전라남도,30,N,0.0,9.0
2422,충청남도,30,Y,1.0,8.0
2423,충청남도,30,Y,1.0,8.0
2424,충청남도,30,Y,1.0,8.0
2425,충청남도,30,Y,1.0,8.0
2426,충청남도,30,Y,1.0,8.0
2427,충청남도,30,Y,1.0,8.0
2428,전라남도,30,N,0.0,8.0
2429,전라남도,30,N,0.0,10.0
2430,전라남도,30,N,0.0,7.0
2431,전라남도,30,N,0.0,8.0
2432,전라남도,30,N,0.0,9.0
2433,전라남도,30,N,0.0,7.0
2434,전라남도,30,N,0.0,7.0
2435,전라남도,40,N,0.0,8.0
2436,전라남도,40,N,0.0,8.0
2437,전라남도,30,N,0.0,12.0
2438,전라남도,30,N,0.0,7.0
2439,전라남도,30,N,0.0,10.0
2440,전라남도,30,N,0.0,10.0
2441,전라남도,30,N,0.0,7.0
2442,전라남도,30,N,0.0,10.0
2443,서울특별시,30,Y,2.0,6.0
2444,서울특별시,30,Y,2.0,10.0
2445,서울특별시,50,Y,1.0,30.0
2446,서울특별시,30,Y,1.0,8.0
2447,서울특별시,30,Y,1.0,12.0
2448,서울특별시,30,Y,2.0,7.0
2449,서울특별시,30,Y,1.0,6.0
2450,서울특별시,30,Y,2.0,8.0
2451,서울특별시,30,Y,1.0,8.0
2452,서울특별시,30,Y,1.0,6.0
2453,경상북도,30,N,0.0,8.924292452830189
2454,경상북도,30,Y,1.0,8.924292452830189
2455,경상북도,30,N,0.0,8.924292452830189
2456,경상북도,30,N,0.0,8.924292452830189
2457,경상북도,30,N,0.0,8.924292452830189
2458,경상북도,30,N,0.0,8.924292452830189
2459,경상북도,30,N,0.0,8.924292452830189
2460,경상북도,30,N,0.0,8.924292452830189
2461,경상북도,30,N,0.0,8.924292452830189
2462,경상북도,30,N,0.0,8.924292452830189
2463,경상북도,30,N,0.0,8.924292452830189
2464,경상북도,30,N,0.0,8.924292452830189
2465,경상북도,30,N,0.0,8.924292452830189
2466,경상북도,30,N,0.0,8.924292452830189
2467,경상북도,30,N,0.0,8.924292452830189
2468,경상북도,30,N,0.0,8.924292452830189
2469,경상북도,30,N,0.0,8.924292452830189
2470,경상북도,30,N,0.0,8.924292452830189
2471,경상북도,30,N,0.0,8.924292452830189
2472,경상북도,30,N,0.0,8.924292452830189
2473,경상북도,30,N,0.0,8.924292452830189
2474,경상북도,30,N,0.0,8.924292452830189
2475,경상북도,30,N,0.0,8.924292452830189
2476,경상북도,30,N,0.0,8.924292452830189
2477,경상북도,30,N,0.0,8.924292452830189
2478,강원도,30,N,0.0,8.924292452830189
2479,충청남도,30,N,0.0,6.5
2480,충청남도,30,N,0.0,6.5
2481,충청남도,30,N,0.0,6.5
2482,충청남도,30,N,0.0,6.5
2483,충청남도,30,N,0.0,6.0
2484,충청남도,30,N,0.0,6.5
2485,충청남도,30,N,0.0,6.5
2486,충청북도,30,N,0.0,7.0
2487,전라남도,30,N,0.0,9.0
2488,전라남도,30,N,0.0,9.0
2489,전라남도,30,N,0.0,9.0
2490,서울특별시,30,Y,1.0,1.0
2491,서울특별시,30,Y,1.0,3.0
2492,서울특별시,30,Y,1.0,4.0
2493,서울특별시,30,Y,1.0,2.0
2494,서울특별시,30,Y,1.0,2.0
2495,서울특별시,30,Y,1.0,2.0
2496,서울특별시,30,Y,1.0,1.0
2497,서울특별시,30,Y,1.0,1.0
2498,서울특별시,30,N,0.0,6.0
2499,경상북도,30,N,0.0,8.924292452830189
2500,경상북도,30,N,0.0,8.924292452830189
2501,경상북도,30,N,0.0,8.924292452830189
2502,경상북도,30,N,0.0,8.924292452830189
2503,경상북도,30,N,0.0,8.924292452830189
2504,경상북도,30,N,0.0,8.924292452830189
2505,경상북도,30,N,0.0,8.924292452830189
2506,경상북도,30,N,0.0,8.924292452830189
2507,경상북도,30,N,0.0,8.924292452830189
2508,경상북도,30,N,0.0,8.924292452830189
2509,경상북도,30,N,0.0,8.924292452830189
2510,경상북도,30,N,0.0,8.924292452830189
2511,경상북도,30,N,0.0,8.924292452830189
2512,대구광역시,30,N,0.0,8.924292452830189
2513,대구광역시,30,N,0.0,8.924292452830189
2514,대구광역시,30,N,0.0,8.924292452830189
2515,대구광역시,30,N,0.0,8.924292452830189
2516,대구광역시,30,N,0.0,8.924292452830189
2517,대구광역시,30,N,0.0,8.924292452830189
